Time;opctyngrppub01 : Actives;anomalie
27/03/2022 20:00;73.9;0
27/03/2022 22:00;119;0
28/03/2022 00:00;1281;0
28/03/2022 02:00;5496;0
28/03/2022 04:00;4676;0
28/03/2022 06:00;144;0
28/03/2022 08:00;379;0
28/03/2022 10:00;668;0
28/03/2022 12:00;501;0
28/03/2022 14:00;466;0
28/03/2022 16:00;481;0
28/03/2022 18:00;333;0
28/03/2022 20:00;209;0
28/03/2022 22:00;163;0
29/03/2022 00:00;1338;0
29/03/2022 02:00;5627;0
29/03/2022 04:00;4802;0
29/03/2022 06:00;189;0
29/03/2022 08:00;374;0
29/03/2022 10:00;655;0
29/03/2022 12:00;514;0
29/03/2022 14:00;482;0
29/03/2022 16:00;499;0
29/03/2022 18:00;336;0
29/03/2022 20:00;207;0
29/03/2022 22:00;175;0
30/03/2022 00:00;1341;0
30/03/2022 02:00;5613;0
30/03/2022 04:00;4782;0
30/03/2022 06:00;193;0
30/03/2022 08:00;370;0
30/03/2022 10:00;612;0
30/03/2022 12:00;473;0
30/03/2022 14:00;427;0
30/03/2022 16:00;452;0
30/03/2022 18:00;296;0
30/03/2022 20:00;170;0
30/03/2022 22:00;133;0
31/03/2022 00:00;1293;0
31/03/2022 02:00;5582;0
31/03/2022 04:00;4768;0
31/03/2022 06:00;137;0
31/03/2022 08:00;337;0
31/03/2022 10:00;616;0
31/03/2022 12:00;477;0
31/03/2022 14:00;424;0
31/03/2022 16:00;460;0
31/03/2022 18:00;322;0
31/03/2022 20:00;227;0
31/03/2022 22:00;188;0
01/04/2022 00:00;1347;0
01/04/2022 02:00;5637;0
01/04/2022 04:00;4835;0
01/04/2022 06:00;191;0
01/04/2022 08:00;388;0
01/04/2022 10:00;662;0
01/04/2022 12:00;548;0
01/04/2022 14:00;460;0
01/04/2022 16:00;483;0
01/04/2022 18:00;355;0
01/04/2022 20:00;247;0
01/04/2022 22:00;177;0
02/04/2022 00:00;1340;0
02/04/2022 02:00;5643;0
02/04/2022 04:00;4833;0
02/04/2022 06:00;169;0
02/04/2022 08:00;213;0
02/04/2022 10:00;279;0
02/04/2022 12:00;278;0
02/04/2022 14:00;229;0
02/04/2022 16:00;235;0
02/04/2022 18:00;231;0
02/04/2022 20:00;207;0
02/04/2022 22:00;171;0
03/04/2022 00:00;1334;0
03/04/2022 02:00;5644;0
03/04/2022 04:00;4786;0
03/04/2022 06:00;163;0
03/04/2022 08:00;173;0
03/04/2022 10:00;193;0
03/04/2022 12:00;204;0
03/04/2022 14:00;187;0
03/04/2022 16:00;191;0
03/04/2022 18:00;198;0
03/04/2022 20:00;183;0
03/04/2022 22:00;158;0
04/04/2022 00:00;1331;0
04/04/2022 02:00;5596;0
04/04/2022 04:00;4792;0
04/04/2022 06:00;184;0
04/04/2022 08:00;427;0
04/04/2022 10:00;694;0
04/04/2022 12:00;544;0
04/04/2022 14:00;483;0
04/04/2022 16:00;499;0
04/04/2022 18:00;330;0
04/04/2022 20:00;214;0
04/04/2022 22:00;173;0
05/04/2022 00:00;1345;0
05/04/2022 02:00;5640;0
05/04/2022 04:00;4824;0
05/04/2022 06:00;194;0
05/04/2022 08:00;402;0
05/04/2022 10:00;681;0
05/04/2022 12:00;502;0
05/04/2022 14:00;470;0
05/04/2022 16:00;522;0
05/04/2022 18:00;346;0
05/04/2022 20:00;274;0
05/04/2022 22:00;182;0
06/04/2022 00:00;1347;0
06/04/2022 02:00;5676;0
06/04/2022 04:00;4845;0
06/04/2022 06:00;193;0
06/04/2022 08:00;382;0
06/04/2022 10:00;619;0
06/04/2022 12:00;493;0
06/04/2022 14:00;447;0
06/04/2022 16:00;477;0
06/04/2022 18:00;345;0
06/04/2022 20:00;225;0
06/04/2022 22:00;175;0
07/04/2022 00:00;1351;0
07/04/2022 02:00;5665;0
07/04/2022 04:00;4877;0
07/04/2022 06:00;197;0
07/04/2022 08:00;384;0
07/04/2022 10:00;617;0
07/04/2022 12:00;512;0
07/04/2022 14:00;486;0
07/04/2022 16:00;509;0
07/04/2022 18:00;358;0
07/04/2022 20:00;222;0
07/04/2022 22:00;176;0
08/04/2022 00:00;1357;0
08/04/2022 02:00;5696;0
08/04/2022 04:00;4874;0
08/04/2022 06:00;185;0
08/04/2022 08:00;380;0
08/04/2022 10:00;650;0
08/04/2022 12:00;554;0
08/04/2022 14:00;479;0
08/04/2022 16:00;533;0
08/04/2022 18:00;415;0
08/04/2022 20:00;289;0
08/04/2022 22:00;205;0
09/04/2022 00:00;1374;0
09/04/2022 02:00;5728;0
09/04/2022 04:00;4886;0
09/04/2022 06:00;163;0
09/04/2022 08:00;209;0
09/04/2022 10:00;287;0
09/04/2022 12:00;276;0
09/04/2022 14:00;241;0
09/04/2022 16:00;278;0
09/04/2022 18:00;253;0
09/04/2022 20:00;215;0
09/04/2022 22:00;180;0
10/04/2022 00:00;1365;0
10/04/2022 02:00;5683;0
10/04/2022 04:00;4840;0
10/04/2022 06:00;155;0
10/04/2022 08:00;168;0
10/04/2022 10:00;198;0
10/04/2022 12:00;213;0
10/04/2022 14:00;191;0
10/04/2022 16:00;198;0
10/04/2022 18:00;215;0
10/04/2022 20:00;197;0
10/04/2022 22:00;168;0
11/04/2022 00:00;1353;0
11/04/2022 02:00;5681;0
11/04/2022 04:00;4822;0
11/04/2022 06:00;197;0
11/04/2022 08:00;419;0
11/04/2022 10:00;632;0
11/04/2022 12:00;482;0
11/04/2022 14:00;460;0
11/04/2022 16:00;510;0
11/04/2022 18:00;341;0
11/04/2022 20:00;219;0
11/04/2022 22:00;208;0
12/04/2022 00:00;1366;0
12/04/2022 02:00;5717;0
12/04/2022 04:00;4898;0
12/04/2022 06:00;202;0
12/04/2022 08:00;383;0
12/04/2022 10:00;668;0
12/04/2022 12:00;561;0
12/04/2022 14:00;496;0
12/04/2022 16:00;512;0
12/04/2022 18:00;364;0
12/04/2022 20:00;231;0
12/04/2022 22:00;188;0
13/04/2022 00:00;1384;0
13/04/2022 02:00;5735;0
13/04/2022 04:00;4914;0
13/04/2022 06:00;204;0
13/04/2022 08:00;374;0
13/04/2022 10:00;619;0
13/04/2022 12:00;503;0
13/04/2022 14:00;488;0
13/04/2022 16:00;527;0
13/04/2022 18:00;362;0
13/04/2022 20:00;223;0
13/04/2022 22:00;185;0
14/04/2022 00:00;1387;0
14/04/2022 02:00;5757;0
14/04/2022 04:00;4914;0
14/04/2022 06:00;200;0
14/04/2022 08:00;383;0
14/04/2022 10:00;633;0
14/04/2022 12:00;531;0
14/04/2022 14:00;460;0
14/04/2022 16:00;485;0
14/04/2022 18:00;370;0
14/04/2022 20:00;235;0
14/04/2022 22:00;194;0
15/04/2022 00:00;1391;0
15/04/2022 02:00;5743;0
15/04/2022 04:00;4901;0
15/04/2022 06:00;190;0
15/04/2022 08:00;356;0
15/04/2022 10:00;590;0
15/04/2022 12:00;499;0
15/04/2022 14:00;422;0
15/04/2022 16:00;424;0
15/04/2022 18:00;325;0
15/04/2022 20:00;239;0
15/04/2022 22:00;186;0
16/04/2022 00:00;1386;0
16/04/2022 02:00;5739;0
16/04/2022 04:00;4907;0
16/04/2022 06:00;166;0
16/04/2022 08:00;211;0
16/04/2022 10:00;285;0
16/04/2022 12:00;272;0
16/04/2022 14:00;240;0
16/04/2022 16:00;249;0
16/04/2022 18:00;257;0
16/04/2022 20:00;216;0
16/04/2022 22:00;178;0
17/04/2022 00:00;1388;0
17/04/2022 02:00;5706;0
17/04/2022 04:00;4863;0
17/04/2022 06:00;171;0
17/04/2022 08:00;171;0
17/04/2022 10:00;204;0
17/04/2022 12:00;216;0
17/04/2022 14:00;193;0
17/04/2022 16:00;196;0
17/04/2022 18:00;215;0
17/04/2022 20:00;192;0
17/04/2022 22:00;176;0
18/04/2022 00:00;1380;0
18/04/2022 02:00;5726;0
18/04/2022 04:00;4871;0
18/04/2022 06:00;170;0
18/04/2022 08:00;181;0
18/04/2022 10:00;221;0
18/04/2022 12:00;228;0
18/04/2022 14:00;211;0
18/04/2022 16:00;208;0
18/04/2022 18:00;211;0
18/04/2022 20:00;197;0
18/04/2022 22:00;168;0
19/04/2022 00:00;1377;0
19/04/2022 02:00;5694;0
19/04/2022 04:00;4859;0
19/04/2022 06:00;193;0
19/04/2022 08:00;410;0
19/04/2022 10:00;829;0
19/04/2022 12:00;1206;0
19/04/2022 14:00;2106;1
19/04/2022 16:00;1360;1
19/04/2022 18:00;362;0
19/04/2022 20:00;224;0
19/04/2022 22:00;173;0
20/04/2022 00:00;1383;0
20/04/2022 02:00;5760;0
20/04/2022 04:00;4923;0
20/04/2022 06:00;195;0
20/04/2022 08:00;380;0
20/04/2022 10:00;625;0
20/04/2022 12:00;471;0
20/04/2022 14:00;410;0
20/04/2022 16:00;455;0
20/04/2022 18:00;345;0
20/04/2022 20:00;223;0
20/04/2022 22:00;181;0
21/04/2022 00:00;1392;0
21/04/2022 02:00;5764;0
21/04/2022 04:00;4917;0
21/04/2022 06:00;185;0
21/04/2022 08:00;381;0
21/04/2022 10:00;634;0
21/04/2022 12:00;497;0
21/04/2022 14:00;464;0
21/04/2022 16:00;477;0
21/04/2022 18:00;338;0
21/04/2022 20:00;227;0
21/04/2022 22:00;178;0
22/04/2022 00:00;1403;0
22/04/2022 02:00;5804;0
22/04/2022 04:00;4938;0
22/04/2022 06:00;192;0
22/04/2022 08:00;365;0
22/04/2022 10:00;579;0
22/04/2022 12:00;461;0
22/04/2022 14:00;419;0
22/04/2022 16:00;470;0
22/04/2022 18:00;347;0
22/04/2022 20:00;230;0
22/04/2022 22:00;174;0
23/04/2022 00:00;1388;0
23/04/2022 02:00;5754;0
23/04/2022 04:00;4936;0
23/04/2022 06:00;163;0
23/04/2022 08:00;206;0
23/04/2022 10:00;293;0
23/04/2022 12:00;293;0
23/04/2022 14:00;259;0
23/04/2022 16:00;253;0
23/04/2022 18:00;259;0
23/04/2022 20:00;217;0
23/04/2022 22:00;180;0
24/04/2022 00:00;1399;0
24/04/2022 02:00;5753;0
24/04/2022 04:00;4882;0
24/04/2022 06:00;165;0
24/04/2022 08:00;187;0
24/04/2022 10:00;204;0
24/04/2022 12:00;217;0
24/04/2022 14:00;198;0
24/04/2022 16:00;207;0
24/04/2022 18:00;216;0
24/04/2022 20:00;196;0
24/04/2022 22:00;173;0
25/04/2022 00:00;1390;0
25/04/2022 02:00;5731;0
25/04/2022 04:00;4878;0
25/04/2022 06:00;200;0
25/04/2022 08:00;450;0
25/04/2022 10:00;665;0
25/04/2022 12:00;480;0
25/04/2022 14:00;448;0
25/04/2022 16:00;509;0
25/04/2022 18:00;367;0
25/04/2022 20:00;233;0
25/04/2022 22:00;171;0
26/04/2022 00:00;1401;0
26/04/2022 02:00;5798;0
26/04/2022 04:00;4948;0
26/04/2022 06:00;196;0
26/04/2022 08:00;398;0
26/04/2022 10:00;1769;1
26/04/2022 12:00;802;0
26/04/2022 14:00;495;0
26/04/2022 16:00;560;0
26/04/2022 18:00;399;0
26/04/2022 20:00;227;0
26/04/2022 22:00;185;0
27/04/2022 00:00;1406;0
27/04/2022 02:00;5819;0
27/04/2022 04:00;4949;0
27/04/2022 06:00;203;0
27/04/2022 08:00;396;0
27/04/2022 10:00;649;0
27/04/2022 12:00;524;0
27/04/2022 14:00;480;0
27/04/2022 16:00;513;0
27/04/2022 18:00;368;0
27/04/2022 20:00;221;0
27/04/2022 22:00;186;0
28/04/2022 00:00;1409;0
28/04/2022 02:00;5843;0
28/04/2022 04:00;4937;0
28/04/2022 06:00;197;0
28/04/2022 08:00;393;0
28/04/2022 10:00;639;0
28/04/2022 12:00;514;0
28/04/2022 14:00;495;0
28/04/2022 16:00;516;0
28/04/2022 18:00;369;0
28/04/2022 20:00;255;0
28/04/2022 22:00;224;0
29/04/2022 00:00;1422;0
29/04/2022 02:00;5859;0
29/04/2022 04:00;4964;0
29/04/2022 06:00;208;0
29/04/2022 08:00;376;0
29/04/2022 10:00;650;0
29/04/2022 12:00;530;0
29/04/2022 14:00;452;0
29/04/2022 16:00;475;0
29/04/2022 18:00;359;0
29/04/2022 20:00;235;0
29/04/2022 22:00;187;0
30/04/2022 00:00;1415;0
30/04/2022 02:00;5833;0
30/04/2022 04:00;4942;0
30/04/2022 06:00;175;0
30/04/2022 08:00;210;0
30/04/2022 10:00;289;0
30/04/2022 12:00;288;0
30/04/2022 14:00;239;0
30/04/2022 16:00;240;0
30/04/2022 18:00;254;0
30/04/2022 20:00;224;0
30/04/2022 22:00;181;0
01/05/2022 00:00;1409;0
01/05/2022 02:00;5803;0
01/05/2022 04:00;4919;0
01/05/2022 06:00;166;0
01/05/2022 08:00;191;0
01/05/2022 10:00;251;0
01/05/2022 12:00;258;0
01/05/2022 14:00;235;0
01/05/2022 16:00;238;0
01/05/2022 18:00;245;0
01/05/2022 20:00;237;0
01/05/2022 22:00;223;0
02/05/2022 00:00;1450;0
02/05/2022 02:00;5853;0
02/05/2022 04:00;4964;0
02/05/2022 06:00;247;0
02/05/2022 08:00;473;0
02/05/2022 10:00;677;0
02/05/2022 12:00;510;0
02/05/2022 14:00;473;0
02/05/2022 16:00;517;0
02/05/2022 18:00;391;0
02/05/2022 20:00;256;0
02/05/2022 22:00;226;0
03/05/2022 00:00;1467;0
03/05/2022 02:00;5883;0
03/05/2022 04:00;5006;0
03/05/2022 06:00;239;0
03/05/2022 08:00;435;0
03/05/2022 10:00;701;0
03/05/2022 12:00;551;0
03/05/2022 14:00;509;0
03/05/2022 16:00;569;0
03/05/2022 18:00;416;0
03/05/2022 20:00;283;0
03/05/2022 22:00;264;0
04/05/2022 00:00;1465;0
04/05/2022 02:00;5901;0
04/05/2022 04:00;5042;0
04/05/2022 06:00;246;0
04/05/2022 08:00;435;0
04/05/2022 10:00;658;0
04/05/2022 12:00;495;0
04/05/2022 14:00;489;0
04/05/2022 16:00;527;0
04/05/2022 18:00;404;0
04/05/2022 20:00;274;0
04/05/2022 22:00;236;0
05/05/2022 00:00;1467;0
05/05/2022 02:00;5922;0
05/05/2022 04:00;5061;0
05/05/2022 06:00;248;0
05/05/2022 08:00;434;0
05/05/2022 10:00;681;0
05/05/2022 12:00;538;0
05/05/2022 14:00;502;0
05/05/2022 16:00;566;0
05/05/2022 18:00;414;0
05/05/2022 20:00;260;0
05/05/2022 22:00;180;0
06/05/2022 00:00;1420;0
06/05/2022 02:00;5888;0
06/05/2022 04:00;5013;0
06/05/2022 06:00;193;0
06/05/2022 08:00;374;0
06/05/2022 10:00;620;0
06/05/2022 12:00;518;0
06/05/2022 14:00;430;0
06/05/2022 16:00;464;0
06/05/2022 18:00;329;0
06/05/2022 20:00;235;0
06/05/2022 22:00;187;0
07/05/2022 00:00;1422;0
07/05/2022 02:00;5889;0
07/05/2022 04:00;4987;0
07/05/2022 06:00;168;0
07/05/2022 08:00;205;0
07/05/2022 10:00;286;0
07/05/2022 12:00;256;0
07/05/2022 14:00;227;0
07/05/2022 16:00;236;0
07/05/2022 18:00;224;0
07/05/2022 20:00;198;0
07/05/2022 22:00;170;0
08/05/2022 00:00;1419;0
08/05/2022 02:00;5870;0
08/05/2022 04:00;4964;0
08/05/2022 06:00;159;0
08/05/2022 08:00;173;0
08/05/2022 10:00;208;0
08/05/2022 12:00;214;0
08/05/2022 14:00;192;0
08/05/2022 16:00;193;0
08/05/2022 18:00;200;0
08/05/2022 20:00;188;0
08/05/2022 22:00;172;0
09/05/2022 00:00;1420;0
09/05/2022 02:00;5827;0
09/05/2022 04:00;4959;0
09/05/2022 06:00;202;0
09/05/2022 08:00;419;0
09/05/2022 10:00;680;0
09/05/2022 12:00;520;0
09/05/2022 14:00;483;0
09/05/2022 16:00;493;0
09/05/2022 18:00;312;0
09/05/2022 20:00;183;0
09/05/2022 22:00;1632;1
10/05/2022 00:00;1530;0
10/05/2022 02:00;5827;0
10/05/2022 04:00;4964;0
10/05/2022 06:00;153;0
10/05/2022 08:00;354;0
10/05/2022 10:00;546;0
10/05/2022 12:00;454;0
10/05/2022 14:00;431;0
10/05/2022 16:00;436;0
10/05/2022 18:00;292;0
10/05/2022 20:00;183;0
10/05/2022 22:00;152;0
11/05/2022 00:00;1387;0
11/05/2022 02:00;5880;0
11/05/2022 04:00;5014;0
11/05/2022 06:00;146;0
11/05/2022 08:00;351;0
11/05/2022 10:00;594;0
11/05/2022 12:00;456;0
11/05/2022 14:00;378;0
11/05/2022 16:00;395;0
11/05/2022 22:00;165;0
12/05/2022 00:00;1391;0
12/05/2022 02:00;5866;0
12/05/2022 04:00;5026;0
12/05/2022 06:00;151;0
12/05/2022 08:00;339;0
12/05/2022 10:00;567;0
12/05/2022 12:00;433;0
12/05/2022 14:00;407;0
12/05/2022 16:00;429;0
12/05/2022 18:00;296;0
12/05/2022 20:00;193;0
12/05/2022 22:00;207;0
13/05/2022 00:00;1395;0
13/05/2022 02:00;5874;0
13/05/2022 04:00;5027;0
13/05/2022 06:00;153;0
13/05/2022 08:00;333;0
13/05/2022 10:00;562;0
13/05/2022 12:00;428;0
13/05/2022 14:00;399;0
13/05/2022 16:00;402;0
13/05/2022 18:00;291;0
13/05/2022 20:00;191;0
13/05/2022 22:00;143;0
14/05/2022 00:00;1396;0
14/05/2022 02:00;5882;0
14/05/2022 04:00;5019;0
14/05/2022 06:00;131;0
14/05/2022 08:00;168;0
14/05/2022 10:00;243;0
14/05/2022 12:00;231;0
14/05/2022 14:00;196;0
14/05/2022 16:00;196;0
14/05/2022 18:00;201;0
14/05/2022 20:00;169;0
14/05/2022 22:00;135;0
15/05/2022 00:00;1399;0
15/05/2022 02:00;5868;0
15/05/2022 04:00;5023;0
15/05/2022 06:00;127;0
15/05/2022 08:00;141;0
15/05/2022 10:00;168;0
15/05/2022 12:00;182;0
15/05/2022 14:00;152;0
15/05/2022 16:00;166;0
15/05/2022 18:00;186;0
15/05/2022 20:00;174;0
15/05/2022 22:00;158;0
16/05/2022 00:00;1394;0
16/05/2022 02:00;5816;0
16/05/2022 04:00;4979;0
16/05/2022 06:00;162;0
16/05/2022 08:00;400;0
16/05/2022 10:00;630;0
16/05/2022 12:00;433;0
16/05/2022 14:00;409;0
16/05/2022 16:00;419;0
16/05/2022 18:00;287;0
16/05/2022 20:00;179;0
16/05/2022 22:00;143;0
17/05/2022 00:00;1410;0
17/05/2022 02:00;7064;1
17/05/2022 04:00;6620;1
17/05/2022 06:00;154;0
17/05/2022 08:00;349;0
17/05/2022 10:00;570;0
17/05/2022 12:00;431;0
17/05/2022 14:00;401;0
17/05/2022 16:00;433;0
17/05/2022 18:00;303;0
17/05/2022 20:00;199;0
17/05/2022 22:00;154;0
18/05/2022 00:00;1395;0
18/05/2022 02:00;5943;0
18/05/2022 04:00;5119;0
18/05/2022 06:00;158;0
18/05/2022 08:00;347;0
18/05/2022 10:00;571;0
18/05/2022 12:00;430;0
18/05/2022 14:00;389;0
18/05/2022 16:00;462;0
18/05/2022 18:00;319;0
18/05/2022 20:00;191;0
18/05/2022 22:00;146;0
19/05/2022 00:00;1408;0
19/05/2022 02:00;5896;0
19/05/2022 04:00;5034;0
19/05/2022 06:00;168;0
19/05/2022 08:00;375;0
19/05/2022 10:00;634;0
19/05/2022 12:00;486;0
19/05/2022 14:00;424;0
19/05/2022 16:00;454;0
19/05/2022 18:00;328;0
19/05/2022 20:00;191;0
19/05/2022 22:00;140;0
20/05/2022 00:00;1404;0
20/05/2022 02:00;5956;0
20/05/2022 04:00;5078;0
20/05/2022 06:00;165;0
20/05/2022 08:00;355;0
20/05/2022 10:00;573;0
20/05/2022 12:00;467;0
20/05/2022 14:00;467;0
20/05/2022 16:00;504;0
20/05/2022 18:00;330;0
20/05/2022 20:00;215;0
20/05/2022 22:00;148;0
21/05/2022 00:00;1412;0
21/05/2022 02:00;5932;0
21/05/2022 04:00;5065;0
21/05/2022 06:00;146;0
21/05/2022 08:00;176;0
21/05/2022 10:00;251;0
21/05/2022 12:00;235;0
21/05/2022 14:00;204;0
21/05/2022 16:00;207;0
21/05/2022 18:00;212;0
21/05/2022 20:00;170;0
21/05/2022 22:00;136;0
22/05/2022 00:00;1411;0
22/05/2022 02:00;5895;0
22/05/2022 04:00;5022;0
22/05/2022 06:00;124;0
22/05/2022 08:00;142;0
22/05/2022 10:00;162;0
22/05/2022 12:00;177;0
22/05/2022 14:00;155;0
22/05/2022 16:00;162;0
22/05/2022 18:00;171;0
22/05/2022 20:00;158;0
22/05/2022 22:00;143;0
23/05/2022 00:00;1411;0
23/05/2022 02:00;5891;0
23/05/2022 04:00;4993;0
23/05/2022 06:00;165;0
23/05/2022 08:00;419;0
23/05/2022 10:00;682;0
23/05/2022 12:00;507;0
23/05/2022 14:00;443;0
23/05/2022 16:00;466;0
23/05/2022 18:00;321;0
23/05/2022 20:00;182;0
23/05/2022 22:00;142;0
24/05/2022 00:00;1448;0
24/05/2022 02:00;12383;1
24/05/2022 04:00;14242;1
24/05/2022 06:00;179;0
24/05/2022 08:00;377;0
24/05/2022 10:00;642;0
24/05/2022 12:00;482;0
24/05/2022 14:00;479;0
24/05/2022 16:00;479;0
24/05/2022 18:00;341;0
24/05/2022 20:00;205;0
24/05/2022 22:00;156;0
25/05/2022 00:00;1410;0
25/05/2022 02:00;6609;0
25/05/2022 04:00;5656;0
25/05/2022 06:00;177;0
25/05/2022 08:00;361;0
25/05/2022 10:00;584;0
25/05/2022 12:00;441;0
25/05/2022 14:00;382;0
25/05/2022 16:00;424;0
25/05/2022 18:00;327;0
25/05/2022 20:00;201;0
25/05/2022 22:00;144;0
26/05/2022 00:00;1410;0
26/05/2022 02:00;6008;0
26/05/2022 04:00;5062;0
26/05/2022 06:00;132;0
26/05/2022 08:00;153;0
26/05/2022 10:00;215;0
26/05/2022 12:00;210;0
26/05/2022 14:00;195;0
26/05/2022 16:00;202;0
26/05/2022 18:00;211;0
26/05/2022 20:00;177;0
26/05/2022 22:00;144;0
27/05/2022 00:00;1410;0
27/05/2022 02:00;5976;0
27/05/2022 04:00;5021;0
27/05/2022 06:00;144;0
27/05/2022 08:00;247;0
27/05/2022 10:00;409;0
27/05/2022 12:00;345;0
27/05/2022 14:00;296;0
27/05/2022 16:00;300;0
27/05/2022 18:00;245;0
27/05/2022 20:00;182;0
27/05/2022 22:00;138;0
28/05/2022 00:00;1416;0
28/05/2022 02:00;5968;0
28/05/2022 04:00;4997;0
28/05/2022 06:00;130;0
28/05/2022 08:00;166;0
28/05/2022 10:00;237;0
28/05/2022 12:00;234;0
28/05/2022 14:00;200;0
28/05/2022 16:00;206;0
28/05/2022 18:00;225;0
28/05/2022 20:00;193;0
28/05/2022 22:00;142;0
29/05/2022 00:00;1415;0
29/05/2022 02:00;5970;0
29/05/2022 04:00;5003;0
29/05/2022 06:00;129;0
29/05/2022 08:00;138;0
29/05/2022 10:00;168;0
29/05/2022 12:00;167;0
29/05/2022 14:00;158;0
29/05/2022 16:00;165;0
29/05/2022 18:00;169;0
29/05/2022 20:00;150;0
29/05/2022 22:00;135;0
30/05/2022 00:00;1410;0
30/05/2022 02:00;5929;0
30/05/2022 04:00;5006;0
30/05/2022 06:00;177;0
30/05/2022 08:00;389;0
30/05/2022 10:00;634;0
30/05/2022 12:00;471;0
30/05/2022 14:00;446;0
30/05/2022 16:00;464;0
30/05/2022 18:00;308;0
30/05/2022 20:00;178;0
30/05/2022 22:00;146;0
31/05/2022 00:00;1412;0
31/05/2022 02:00;6009;0
31/05/2022 04:00;5121;0
31/05/2022 06:00;175;0
31/05/2022 08:00;391;0
31/05/2022 10:00;683;0
31/05/2022 12:00;531;0
31/05/2022 14:00;436;0
31/05/2022 16:00;566;0
31/05/2022 18:00;337;0
31/05/2022 20:00;203;0
31/05/2022 22:00;158;0
01/06/2022 00:00;2900;1
01/06/2022 02:00;7875;1
01/06/2022 04:00;5155;0
01/06/2022 06:00;172;0
01/06/2022 08:00;360;0
01/06/2022 10:00;628;0
01/06/2022 12:00;517;0
01/06/2022 14:00;444;0
01/06/2022 16:00;495;0
01/06/2022 18:00;330;0
01/06/2022 20:00;192;0
01/06/2022 22:00;146;0
02/06/2022 00:00;1487;0
02/06/2022 02:00;6228;0
02/06/2022 04:00;5108;0
02/06/2022 06:00;171;0
02/06/2022 08:00;380;0
02/06/2022 10:00;650;0
02/06/2022 12:00;553;0
02/06/2022 14:00;500;0
02/06/2022 16:00;506;0
02/06/2022 18:00;348;0
02/06/2022 20:00;219;0
02/06/2022 22:00;188;0
03/06/2022 00:00;1437;0
03/06/2022 02:00;6080;0
03/06/2022 04:00;5129;0
03/06/2022 06:00;168;0
03/06/2022 08:00;379;0
03/06/2022 10:00;642;0
03/06/2022 12:00;501;0
03/06/2022 14:00;429;0
03/06/2022 16:00;473;0
03/06/2022 18:00;321;0
03/06/2022 20:00;208;0
03/06/2022 22:00;159;0
04/06/2022 00:00;1434;0
04/06/2022 02:00;6050;0
04/06/2022 04:00;5129;0
04/06/2022 06:00;177;0
04/06/2022 08:00;198;0
04/06/2022 10:00;249;0
04/06/2022 12:00;243;0
04/06/2022 14:00;205;0
04/06/2022 16:00;224;0
04/06/2022 18:00;253;0
04/06/2022 20:00;207;0
04/06/2022 22:00;166;0
05/06/2022 00:00;1446;0
05/06/2022 02:00;5981;0
05/06/2022 04:00;5048;0
05/06/2022 06:00;139;0
05/06/2022 08:00;157;0
05/06/2022 10:00;184;0
05/06/2022 12:00;195;0
05/06/2022 14:00;171;0
05/06/2022 16:00;179;0
05/06/2022 18:00;189;0
05/06/2022 20:00;157;0
05/06/2022 22:00;139;0
06/06/2022 00:00;1414;0
06/06/2022 02:00;5964;0
06/06/2022 04:00;5073;0
06/06/2022 06:00;180;0
06/06/2022 08:00;224;0
06/06/2022 10:00;300;0
06/06/2022 12:00;268;0
06/06/2022 14:00;218;0
06/06/2022 16:00;214;0
06/06/2022 18:00;199;0
06/06/2022 20:00;172;0
06/06/2022 22:00;146;0
07/06/2022 00:00;1421;0
07/06/2022 02:00;5981;0
07/06/2022 04:00;5031;0
07/06/2022 06:00;170;0
07/06/2022 08:00;468;0
07/06/2022 10:00;736;0
07/06/2022 12:00;533;0
07/06/2022 14:00;476;0
07/06/2022 16:00;515;0
07/06/2022 18:00;344;0
07/06/2022 20:00;204;0
07/06/2022 22:00;146;0
08/06/2022 00:00;1451;0
08/06/2022 02:00;6077;0
08/06/2022 04:00;5129;0
08/06/2022 06:00;169;0
08/06/2022 08:00;375;0
08/06/2022 10:00;657;0
08/06/2022 12:00;511;0
08/06/2022 14:00;445;0
08/06/2022 16:00;467;0
08/06/2022 18:00;315;0
08/06/2022 20:00;199;0
08/06/2022 22:00;154;0
09/06/2022 00:00;1448;0
09/06/2022 02:00;6067;0
09/06/2022 04:00;5166;0
09/06/2022 06:00;157;0
09/06/2022 08:00;402;0
09/06/2022 10:00;793;0
09/06/2022 12:00;687;0
09/06/2022 14:00;488;0
09/06/2022 16:00;471;0
09/06/2022 18:00;339;0
09/06/2022 20:00;208;0
09/06/2022 22:00;153;0
10/06/2022 00:00;1478;0
10/06/2022 02:00;13912;1
10/06/2022 04:00;15760;1
10/06/2022 06:00;189;0
10/06/2022 08:00;349;0
10/06/2022 10:00;591;0
10/06/2022 12:00;476;0
10/06/2022 14:00;411;0
10/06/2022 16:00;483;0
10/06/2022 18:00;322;0
10/06/2022 20:00;200;0
10/06/2022 22:00;147;0
11/06/2022 00:00;1447;0
11/06/2022 02:00;6357;0
11/06/2022 04:00;5586;0
11/06/2022 06:00;134;0
11/06/2022 08:00;173;0
11/06/2022 10:00;244;0
11/06/2022 12:00;224;0
11/06/2022 14:00;193;0
11/06/2022 16:00;200;0
11/06/2022 18:00;205;0
11/06/2022 20:00;161;0
11/06/2022 22:00;135;0
12/06/2022 00:00;1437;0
12/06/2022 02:00;6040;0
12/06/2022 04:00;5141;0
12/06/2022 06:00;119;0
12/06/2022 08:00;144;0
12/06/2022 10:00;178;0
12/06/2022 12:00;167;0
12/06/2022 14:00;155;0
12/06/2022 16:00;162;0
12/06/2022 18:00;177;0
12/06/2022 20:00;166;0
12/06/2022 22:00;143;0
13/06/2022 00:00;1440;0
13/06/2022 02:00;6009;0
13/06/2022 04:00;5137;0
13/06/2022 06:00;173;0
13/06/2022 08:00;397;0
13/06/2022 10:00;642;0
13/06/2022 12:00;481;0
13/06/2022 14:00;441;0
13/06/2022 16:00;509;0
13/06/2022 18:00;321;0
13/06/2022 20:00;212;0
13/06/2022 22:00;156;0
14/06/2022 00:00;1659;0
14/06/2022 02:00;6318;0
14/06/2022 04:00;5169;0
14/06/2022 06:00;170;0
14/06/2022 08:00;386;0
14/06/2022 10:00;701;0
14/06/2022 12:00;510;0
14/06/2022 14:00;450;0
14/06/2022 16:00;499;0
14/06/2022 18:00;350;0
14/06/2022 20:00;216;0
14/06/2022 22:00;158;0
15/06/2022 00:00;1494;0
15/06/2022 02:00;13861;1
15/06/2022 04:00;15710;1
15/06/2022 06:00;197;0
15/06/2022 08:00;401;0
15/06/2022 10:00;679;0
15/06/2022 12:00;513;0
15/06/2022 14:00;477;0
15/06/2022 16:00;514;0
15/06/2022 18:00;336;0
15/06/2022 20:00;215;0
15/06/2022 22:00;151;0
16/06/2022 00:00;1447;0
16/06/2022 02:00;6487;0
16/06/2022 04:00;5630;0
16/06/2022 06:00;178;0
16/06/2022 08:00;364;0
16/06/2022 10:00;728;0
16/06/2022 12:00;521;0
16/06/2022 14:00;454;0
16/06/2022 16:00;514;0
16/06/2022 18:00;359;0
16/06/2022 20:00;215;0
16/06/2022 22:00;169;0
17/06/2022 00:00;1449;0
17/06/2022 02:00;6143;0
17/06/2022 04:00;5204;0
17/06/2022 06:00;157;0
17/06/2022 08:00;353;0
17/06/2022 10:00;624;0
17/06/2022 12:00;477;0
17/06/2022 14:00;438;0
17/06/2022 16:00;440;0
17/06/2022 18:00;314;0
17/06/2022 20:00;227;0
17/06/2022 22:00;197;0
18/06/2022 00:00;1488;0
18/06/2022 02:00;6171;0
18/06/2022 04:00;5188;0
18/06/2022 06:00;151;0
18/06/2022 08:00;193;0
18/06/2022 10:00;260;0
18/06/2022 12:00;249;0
18/06/2022 14:00;211;0
18/06/2022 16:00;220;0
18/06/2022 18:00;233;0
18/06/2022 20:00;232;0
18/06/2022 22:00;176;0
19/06/2022 00:00;1497;0
19/06/2022 02:00;6122;0
19/06/2022 04:00;5156;0
19/06/2022 06:00;153;0
19/06/2022 08:00;157;0
19/06/2022 10:00;190;0
19/06/2022 12:00;187;0
19/06/2022 14:00;182;0
19/06/2022 16:00;175;0
19/06/2022 18:00;190;0
19/06/2022 20:00;184;0
19/06/2022 22:00;163;0
20/06/2022 00:00;1463;0
20/06/2022 02:00;6118;0
20/06/2022 04:00;5130;0
20/06/2022 06:00;179;0
20/06/2022 08:00;448;0
20/06/2022 10:00;675;0
20/06/2022 12:00;500;0
20/06/2022 14:00;452;0
20/06/2022 16:00;499;0
20/06/2022 18:00;354;0
20/06/2022 20:00;213;0
20/06/2022 22:00;193;0
21/06/2022 00:00;1483;0
21/06/2022 02:00;6157;0
21/06/2022 04:00;5181;0
21/06/2022 06:00;162;0
21/06/2022 08:00;405;0
21/06/2022 10:00;689;0
21/06/2022 12:00;534;0
21/06/2022 14:00;509;0
21/06/2022 16:00;548;0
21/06/2022 18:00;367;0
21/06/2022 20:00;241;0
21/06/2022 22:00;171;0
22/06/2022 00:00;1492;0
22/06/2022 02:00;6176;0
22/06/2022 04:00;5220;0
22/06/2022 06:00;175;0
22/06/2022 08:00;432;0
22/06/2022 10:00;665;0
22/06/2022 12:00;494;0
22/06/2022 14:00;463;0
22/06/2022 16:00;505;0
22/06/2022 22:00;172;0
23/06/2022 00:00;1473;0
23/06/2022 02:00;6199;0
23/06/2022 04:00;5203;0
23/06/2022 06:00;185;0
23/06/2022 08:00;401;0
23/06/2022 10:00;692;0
23/06/2022 12:00;539;0
23/06/2022 14:00;526;0
23/06/2022 16:00;532;0
23/06/2022 18:00;384;0
23/06/2022 20:00;231;0
23/06/2022 22:00;165;0
24/06/2022 00:00;1490;0
24/06/2022 02:00;6195;0
24/06/2022 04:00;5225;0
24/06/2022 06:00;173;0
24/06/2022 08:00;403;0
24/06/2022 10:00;643;0
24/06/2022 12:00;519;0
24/06/2022 14:00;461;0
24/06/2022 16:00;483;0
24/06/2022 18:00;365;0
24/06/2022 20:00;230;0
24/06/2022 22:00;160;0
25/06/2022 00:00;1483;0
25/06/2022 02:00;6167;0
25/06/2022 04:00;5182;0
25/06/2022 06:00;142;0
25/06/2022 08:00;187;0
25/06/2022 10:00;260;0
25/06/2022 12:00;275;0
25/06/2022 14:00;223;0
25/06/2022 16:00;204;0
25/06/2022 18:00;220;0
25/06/2022 20:00;208;0
25/06/2022 22:00;163;0
26/06/2022 00:00;1475;0
26/06/2022 02:00;6162;0
26/06/2022 04:00;5161;0
26/06/2022 06:00;148;0
26/06/2022 08:00;150;0
26/06/2022 10:00;178;0
26/06/2022 12:00;183;0
26/06/2022 14:00;158;0
26/06/2022 16:00;168;0
26/06/2022 18:00;186;0
26/06/2022 20:00;168;0
26/06/2022 22:00;154;0
27/06/2022 00:00;1471;0
27/06/2022 02:00;6129;0
27/06/2022 04:00;5130;0
27/06/2022 06:00;168;0
27/06/2022 08:00;418;0
27/06/2022 10:00;670;0
27/06/2022 12:00;523;0
27/06/2022 14:00;499;0
27/06/2022 16:00;520;0
27/06/2022 18:00;337;0
27/06/2022 20:00;200;0
27/06/2022 22:00;151;0
28/06/2022 00:00;1476;0
28/06/2022 02:00;6208;0
28/06/2022 04:00;5206;0
28/06/2022 06:00;164;0
28/06/2022 08:00;413;0
28/06/2022 10:00;685;0
28/06/2022 12:00;543;0
28/06/2022 14:00;513;0
28/06/2022 16:00;550;0
28/06/2022 18:00;382;0
28/06/2022 20:00;203;0
28/06/2022 22:00;154;0
29/06/2022 00:00;1491;0
29/06/2022 02:00;7376;1
29/06/2022 04:00;6787;1
29/06/2022 06:00;148;0
29/06/2022 08:00;370;0
29/06/2022 10:00;635;0
29/06/2022 12:00;505;0
29/06/2022 14:00;464;0
29/06/2022 16:00;485;0
29/06/2022 18:00;341;0
29/06/2022 20:00;216;0
29/06/2022 22:00;175;0
30/06/2022 00:00;1480;0
30/06/2022 02:00;6213;0
30/06/2022 04:00;5264;0
30/06/2022 06:00;145;0
30/06/2022 08:00;399;0
30/06/2022 10:00;702;0
30/06/2022 12:00;509;0
30/06/2022 14:00;484;0
30/06/2022 16:00;509;0
30/06/2022 18:00;352;0
30/06/2022 20:00;214;0
30/06/2022 22:00;154;0
01/07/2022 00:00;1478;0
01/07/2022 02:00;7396;1
01/07/2022 04:00;6895;1
01/07/2022 06:00;164;0
01/07/2022 08:00;378;0
01/07/2022 10:00;684;0
01/07/2022 12:00;531;0
01/07/2022 14:00;457;0
01/07/2022 16:00;498;0
01/07/2022 18:00;321;0
01/07/2022 20:00;219;0
01/07/2022 22:00;165;0
02/07/2022 00:00;1492;0
02/07/2022 02:00;6280;0
02/07/2022 04:00;5298;0
02/07/2022 06:00;134;0
02/07/2022 08:00;175;0
02/07/2022 10:00;251;0
02/07/2022 12:00;244;0
02/07/2022 14:00;197;0
02/07/2022 16:00;206;0
02/07/2022 18:00;210;0
02/07/2022 20:00;198;0
02/07/2022 22:00;155;0
03/07/2022 00:00;1476;0
03/07/2022 02:00;6185;0
03/07/2022 04:00;5215;0
03/07/2022 06:00;123;0
03/07/2022 08:00;138;0
03/07/2022 10:00;166;0
03/07/2022 12:00;179;0
03/07/2022 14:00;157;0
03/07/2022 16:00;151;0
03/07/2022 18:00;166;0
03/07/2022 20:00;195;0
03/07/2022 22:00;153;0
04/07/2022 00:00;1472;0
04/07/2022 02:00;6176;0
04/07/2022 04:00;5177;0
04/07/2022 06:00;148;0
04/07/2022 08:00;413;0
04/07/2022 10:00;684;0
04/07/2022 12:00;476;0
04/07/2022 14:00;481;0
04/07/2022 16:00;529;0
04/07/2022 18:00;325;0
04/07/2022 20:00;203;0
04/07/2022 22:00;159;0
05/07/2022 00:00;1488;0
05/07/2022 02:00;6223;0
05/07/2022 04:00;5257;0
05/07/2022 06:00;163;0
05/07/2022 08:00;396;0
05/07/2022 10:00;725;0
05/07/2022 12:00;527;0
05/07/2022 14:00;500;0
05/07/2022 16:00;528;0
05/07/2022 18:00;356;0
05/07/2022 20:00;221;0
05/07/2022 22:00;160;0
06/07/2022 00:00;1485;0
06/07/2022 02:00;6247;0
06/07/2022 04:00;5256;0
06/07/2022 06:00;149;0
06/07/2022 08:00;377;0
06/07/2022 10:00;635;0
06/07/2022 12:00;508;0
06/07/2022 14:00;454;0
06/07/2022 16:00;468;0
06/07/2022 18:00;369;0
06/07/2022 20:00;209;0
06/07/2022 22:00;165;0
07/07/2022 00:00;1507;0
07/07/2022 02:00;6235;0
07/07/2022 04:00;5276;0
07/07/2022 06:00;149;0
07/07/2022 08:00;350;0
07/07/2022 10:00;617;0
07/07/2022 12:00;491;0
07/07/2022 14:00;457;0
07/07/2022 16:00;493;0
07/07/2022 18:00;340;0
07/07/2022 20:00;208;0
07/07/2022 22:00;167;0
08/07/2022 00:00;1496;0
08/07/2022 02:00;6261;0
08/07/2022 04:00;5281;0
08/07/2022 06:00;161;0
08/07/2022 08:00;361;0
08/07/2022 10:00;603;0
08/07/2022 12:00;466;0
08/07/2022 14:00;420;0
08/07/2022 16:00;430;0
08/07/2022 18:00;333;0
08/07/2022 20:00;240;0
08/07/2022 22:00;166;0
09/07/2022 00:00;1508;0
09/07/2022 02:00;6296;0
09/07/2022 04:00;5275;0
09/07/2022 06:00;139;0
09/07/2022 08:00;178;0
09/07/2022 10:00;252;0
09/07/2022 12:00;240;0
09/07/2022 14:00;201;0
09/07/2022 16:00;206;0
09/07/2022 18:00;209;0
09/07/2022 20:00;193;0
09/07/2022 22:00;163;0
10/07/2022 00:00;1513;0
10/07/2022 02:00;6249;0
10/07/2022 04:00;5261;0
10/07/2022 06:00;140;0
10/07/2022 08:00;142;0
10/07/2022 10:00;163;0
10/07/2022 12:00;192;0
10/07/2022 14:00;171;0
10/07/2022 16:00;176;0
10/07/2022 18:00;175;0
10/07/2022 20:00;172;0
10/07/2022 22:00;152;0
11/07/2022 00:00;1493;0
11/07/2022 02:00;6231;0
11/07/2022 04:00;5264;0
11/07/2022 06:00;164;0
11/07/2022 08:00;378;0
11/07/2022 10:00;630;0
11/07/2022 12:00;464;0
11/07/2022 14:00;438;0
11/07/2022 16:00;503;0
11/07/2022 18:00;330;0
11/07/2022 20:00;207;0
11/07/2022 22:00;184;0
12/07/2022 00:00;1511;0
12/07/2022 02:00;6291;0
12/07/2022 04:00;5307;0
12/07/2022 06:00;167;0
12/07/2022 08:00;368;0
12/07/2022 10:00;655;0
12/07/2022 12:00;505;0
12/07/2022 14:00;476;0
12/07/2022 16:00;505;0
12/07/2022 18:00;376;0
12/07/2022 20:00;252;0
12/07/2022 22:00;183;0
13/07/2022 00:00;1521;0
13/07/2022 02:00;6300;0
13/07/2022 04:00;5332;0
13/07/2022 06:00;176;0
13/07/2022 08:00;371;0
13/07/2022 10:00;663;0
13/07/2022 12:00;526;0
13/07/2022 14:00;483;0
13/07/2022 16:00;514;0
13/07/2022 18:00;383;0
13/07/2022 20:00;230;0
13/07/2022 22:00;175;0
14/07/2022 00:00;1521;0
14/07/2022 02:00;2979;1
18/07/2022 10:00;1356;1
18/07/2022 12:00;406;0
18/07/2022 14:00;479;0
18/07/2022 16:00;541;0
18/07/2022 18:00;392;0
18/07/2022 20:00;224;0
18/07/2022 22:00;174;0
19/07/2022 00:00;1522;0
19/07/2022 02:00;6329;0
19/07/2022 04:00;5351;0
19/07/2022 06:00;172;0
19/07/2022 08:00;407;0
19/07/2022 10:00;676;0
19/07/2022 12:00;542;0
19/07/2022 14:00;496;0
19/07/2022 16:00;532;0
19/07/2022 18:00;388;0
19/07/2022 20:00;255;0
19/07/2022 22:00;213;0
20/07/2022 00:00;1559;0
20/07/2022 02:00;6369;0
20/07/2022 04:00;5425;0
20/07/2022 06:00;217;0
20/07/2022 08:00;396;0
20/07/2022 10:00;656;0
20/07/2022 12:00;498;0
20/07/2022 14:00;434;0
20/07/2022 16:00;474;0
20/07/2022 18:00;383;0
20/07/2022 20:00;280;0
20/07/2022 22:00;208;0
21/07/2022 00:00;1534;0
21/07/2022 02:00;6367;0
21/07/2022 04:00;5461;0
21/07/2022 06:00;167;0
21/07/2022 08:00;372;0
21/07/2022 10:00;618;0
21/07/2022 12:00;518;0
21/07/2022 14:00;445;0
21/07/2022 16:00;488;0
21/07/2022 18:00;374;0
21/07/2022 20:00;244;0
21/07/2022 22:00;179;0
22/07/2022 00:00;1536;0
22/07/2022 02:00;6328;0
22/07/2022 04:00;5377;0
22/07/2022 06:00;169;0
22/07/2022 08:00;362;0
22/07/2022 10:00;608;0
22/07/2022 12:00;527;0
22/07/2022 14:00;417;0
22/07/2022 16:00;448;0
22/07/2022 18:00;349;0
22/07/2022 20:00;253;0
22/07/2022 22:00;194;0
23/07/2022 00:00;1543;0
23/07/2022 02:00;6340;0
23/07/2022 04:00;5391;0
23/07/2022 06:00;166;0
23/07/2022 08:00;203;0
23/07/2022 10:00;277;0
23/07/2022 12:00;264;0
23/07/2022 14:00;214;0
23/07/2022 16:00;220;0
23/07/2022 18:00;244;0
23/07/2022 20:00;224;0
23/07/2022 22:00;198;0
24/07/2022 00:00;1561;0
24/07/2022 02:00;6323;0
24/07/2022 04:00;5358;0
24/07/2022 06:00;156;0
24/07/2022 08:00;181;0
24/07/2022 10:00;217;0
24/07/2022 12:00;209;0
24/07/2022 14:00;192;0
24/07/2022 16:00;204;0
24/07/2022 18:00;207;0
24/07/2022 20:00;217;0
24/07/2022 22:00;185;0
25/07/2022 00:00;1546;0
25/07/2022 02:00;6398;0
25/07/2022 04:00;5487;0
25/07/2022 06:00;204;0
25/07/2022 08:00;447;0
25/07/2022 10:00;719;0
25/07/2022 12:00;495;0
25/07/2022 14:00;425;0
25/07/2022 16:00;473;0
25/07/2022 18:00;317;0
25/07/2022 20:00;217;0
25/07/2022 22:00;181;0
26/07/2022 00:00;1524;0
26/07/2022 02:00;6343;0
26/07/2022 04:00;5365;0
26/07/2022 06:00;169;0
26/07/2022 08:00;354;0
26/07/2022 10:00;611;0
26/07/2022 12:00;488;0
26/07/2022 14:00;417;0
26/07/2022 16:00;474;0
26/07/2022 18:00;324;0
26/07/2022 20:00;216;0
26/07/2022 22:00;190;0
27/07/2022 00:00;1528;0
27/07/2022 02:00;6336;0
27/07/2022 04:00;5386;0
27/07/2022 06:00;225;0
27/07/2022 08:00;349;0
27/07/2022 10:00;570;0
27/07/2022 12:00;453;0
27/07/2022 14:00;393;0
27/07/2022 16:00;440;0
27/07/2022 18:00;355;0
27/07/2022 20:00;231;0
27/07/2022 22:00;172;0
28/07/2022 00:00;1558;0
28/07/2022 02:00;6379;0
28/07/2022 04:00;5374;0
28/07/2022 06:00;182;0
28/07/2022 08:00;353;0
28/07/2022 10:00;583;0
28/07/2022 12:00;418;0
28/07/2022 14:00;400;0
28/07/2022 16:00;423;0
28/07/2022 18:00;312;0
28/07/2022 20:00;246;0
28/07/2022 22:00;217;0
29/07/2022 00:00;1592;0
29/07/2022 02:00;6378;0
29/07/2022 04:00;5417;0
29/07/2022 06:00;203;0
29/07/2022 08:00;371;0
29/07/2022 10:00;588;0
29/07/2022 12:00;506;0
29/07/2022 14:00;431;0
29/07/2022 16:00;453;0
29/07/2022 18:00;358;0
29/07/2022 20:00;278;0
29/07/2022 22:00;241;0
30/07/2022 00:00;1592;0
30/07/2022 02:00;6395;0
30/07/2022 04:00;5378;0
30/07/2022 06:00;194;0
30/07/2022 08:00;240;0
30/07/2022 10:00;296;0
30/07/2022 12:00;287;0
30/07/2022 14:00;252;0
30/07/2022 16:00;257;0
30/07/2022 18:00;262;0
30/07/2022 20:00;255;0
30/07/2022 22:00;214;0
31/07/2022 00:00;1578;0
31/07/2022 02:00;6348;0
31/07/2022 04:00;5359;0
31/07/2022 06:00;193;0
31/07/2022 08:00;206;0
31/07/2022 10:00;229;0
31/07/2022 12:00;238;0
31/07/2022 14:00;228;0
31/07/2022 16:00;226;0
31/07/2022 18:00;257;0
31/07/2022 20:00;252;0
31/07/2022 22:00;223;0
01/08/2022 00:00;1589;0
01/08/2022 02:00;6326;0
01/08/2022 04:00;5342;0
01/08/2022 06:00;218;0
01/08/2022 08:00;387;0
01/08/2022 10:00;599;0
01/08/2022 12:00;492;0
01/08/2022 14:00;424;0
01/08/2022 16:00;447;0
01/08/2022 18:00;335;0
01/08/2022 20:00;255;0
01/08/2022 22:00;218;0
02/08/2022 00:00;1596;0
02/08/2022 02:00;6382;0
02/08/2022 04:00;5433;0
02/08/2022 06:00;216;0
02/08/2022 08:00;363;0
02/08/2022 10:00;590;0
02/08/2022 12:00;485;0
02/08/2022 14:00;418;0
02/08/2022 16:00;444;0
02/08/2022 18:00;355;0
02/08/2022 20:00;266;0
02/08/2022 22:00;218;0
03/08/2022 00:00;1587;0
03/08/2022 02:00;6407;0
03/08/2022 04:00;5382;0
03/08/2022 06:00;210;0
03/08/2022 08:00;361;0
03/08/2022 10:00;531;0
03/08/2022 12:00;452;0
03/08/2022 14:00;412;0
03/08/2022 16:00;436;0
03/08/2022 18:00;351;0
03/08/2022 20:00;263;0
03/08/2022 22:00;231;0
04/08/2022 00:00;1639;0
04/08/2022 02:00;6417;0
04/08/2022 04:00;5422;0
04/08/2022 06:00;207;0
04/08/2022 08:00;349;0
04/08/2022 10:00;626;0
04/08/2022 12:00;454;0
04/08/2022 14:00;405;0
04/08/2022 16:00;455;0
04/08/2022 18:00;370;0
04/08/2022 20:00;276;0
04/08/2022 22:00;234;0
05/08/2022 00:00;1612;0
05/08/2022 02:00;6589;0
05/08/2022 04:00;6903;1
05/08/2022 06:00;1980;1
05/08/2022 08:00;1952;1
05/08/2022 10:00;1603;1
05/08/2022 12:00;1074;0
05/08/2022 14:00;784;0
05/08/2022 16:00;507;0
05/08/2022 18:00;360;0
05/08/2022 20:00;285;0
05/08/2022 22:00;225;0
06/08/2022 00:00;1590;0
06/08/2022 02:00;6397;0
06/08/2022 04:00;5451;0
06/08/2022 06:00;210;0
06/08/2022 08:00;244;0
06/08/2022 10:00;304;0
06/08/2022 12:00;314;0
06/08/2022 14:00;271;0
06/08/2022 16:00;264;0
06/08/2022 18:00;260;0
06/08/2022 20:00;255;0
06/08/2022 22:00;229;0
07/08/2022 00:00;1589;0
07/08/2022 02:00;6355;0
07/08/2022 04:00;5379;0
07/08/2022 06:00;193;0
07/08/2022 08:00;212;0
07/08/2022 10:00;230;0
07/08/2022 12:00;237;0
07/08/2022 14:00;233;0
07/08/2022 16:00;231;0
07/08/2022 18:00;248;0
07/08/2022 20:00;268;0
07/08/2022 22:00;217;0
08/08/2022 00:00;1596;0
08/08/2022 02:00;6347;0
08/08/2022 04:00;5355;0
08/08/2022 06:00;210;0
08/08/2022 08:00;363;0
08/08/2022 10:00;511;0
08/08/2022 12:00;402;0
08/08/2022 14:00;367;0
08/08/2022 16:00;426;0
08/08/2022 18:00;338;0
08/08/2022 20:00;247;0
08/08/2022 22:00;249;0
09/08/2022 00:00;1587;0
09/08/2022 02:00;6388;0
09/08/2022 04:00;5396;0
09/08/2022 06:00;213;0
09/08/2022 08:00;354;0
09/08/2022 10:00;513;0
09/08/2022 12:00;420;0
09/08/2022 14:00;397;0
09/08/2022 16:00;422;0
09/08/2022 18:00;348;0
09/08/2022 20:00;255;0
09/08/2022 22:00;181;0
10/08/2022 00:00;1540;0
10/08/2022 02:00;6349;0
10/08/2022 04:00;5350;0
10/08/2022 06:00;165;0
10/08/2022 08:00;319;0
10/08/2022 10:00;471;0
10/08/2022 12:00;382;0
10/08/2022 14:00;345;0
10/08/2022 16:00;357;0
10/08/2022 18:00;305;0
10/08/2022 20:00;226;0
10/08/2022 22:00;179;0
11/08/2022 00:00;1555;0
11/08/2022 02:00;6340;0
11/08/2022 04:00;5355;0
11/08/2022 06:00;165;0
11/08/2022 08:00;296;0
11/08/2022 10:00;467;0
11/08/2022 12:00;396;0
11/08/2022 14:00;360;0
11/08/2022 16:00;379;0
11/08/2022 18:00;320;0
11/08/2022 20:00;247;0
11/08/2022 22:00;188;0
12/08/2022 00:00;1561;0
12/08/2022 02:00;6364;0
12/08/2022 04:00;5368;0
12/08/2022 06:00;161;0
12/08/2022 08:00;272;0
12/08/2022 10:00;419;0
12/08/2022 12:00;354;0
12/08/2022 14:00;322;0
12/08/2022 16:00;349;0
12/08/2022 18:00;298;0
12/08/2022 20:00;230;0
12/08/2022 22:00;182;0
13/08/2022 00:00;1552;0
13/08/2022 02:00;6328;0
13/08/2022 04:00;5353;0
13/08/2022 06:00;155;0
13/08/2022 08:00;192;0
13/08/2022 10:00;250;0
13/08/2022 12:00;239;0
13/08/2022 14:00;218;0
13/08/2022 16:00;222;0
13/08/2022 18:00;236;0
13/08/2022 20:00;220;0
13/08/2022 22:00;182;0
14/08/2022 00:00;1558;0
14/08/2022 02:00;6333;0
14/08/2022 04:00;5330;0
14/08/2022 06:00;158;0
14/08/2022 08:00;202;0
14/08/2022 10:00;237;0
14/08/2022 12:00;229;0
14/08/2022 14:00;216;0
14/08/2022 16:00;216;0
14/08/2022 18:00;228;0
14/08/2022 20:00;222;0
14/08/2022 22:00;174;0
15/08/2022 00:00;1560;0
15/08/2022 02:00;6285;0
15/08/2022 04:00;5301;0
15/08/2022 06:00;157;0
15/08/2022 08:00;200;0
15/08/2022 10:00;231;0
15/08/2022 12:00;226;0
15/08/2022 14:00;203;0
15/08/2022 16:00;209;0
15/08/2022 18:00;200;0
15/08/2022 20:00;195;0
15/08/2022 22:00;163;0
16/08/2022 00:00;1550;0
16/08/2022 02:00;6303;0
16/08/2022 04:00;5284;0
16/08/2022 06:00;169;0
16/08/2022 08:00;363;0
16/08/2022 10:00;532;0
16/08/2022 12:00;400;0
16/08/2022 14:00;358;0
16/08/2022 16:00;376;0
16/08/2022 18:00;299;0
16/08/2022 20:00;220;0
16/08/2022 22:00;181;0
17/08/2022 00:00;1569;0
17/08/2022 02:00;6380;0
17/08/2022 04:00;5350;0
17/08/2022 06:00;203;0
17/08/2022 08:00;370;0
17/08/2022 10:00;470;0
;;0
;;0
;;0
;;0
;;0
;;0
;;0
;;0
;;0
;;0
;;0
;;0
;;0
;;0
;;0
;;0
;;0
;;0
;;0
;;0
;;0
;;0
;;0
;;0
;;0
;;0
;;0
;;0
;;0
;;0
;;0
;;0
;;0
;;0
;;0
;;0
;;0
;;0
;;0
;;0
;;0
;;0
;;0
;;0
;;0
;;0
;;0
;;0
;;0
;;0
;;0
;;0
;;0
;;0
;;0
;;0
;;0
;;0
;;0
;;0
;;0
;;0
;;0
;;0
;;0
;;0
;;0
;;0
;;0
;;0
;;0
;;0
;;0
;;0
;;0
;;0
;;0
;;0
;;0
;;0
;;0
;;0
;;0
;;0
;;0
;;0
;;0
;;0
;;0
;;0
;;0
;;0
;;0
;;0
;;0
;;0
;;0
;;0
;;0
;;0
;;0
;;0
;;0
;;0
;;0
;;0
;;0
;;0
;;0
;;0
;;0
;;0
;;0
;;0
;;0
;;0
;;0
;;0
;;0
;;0
;;0
;;0
;;0
;;0
;;0
;;0
;;0
;;0
;;0
;;0
;;0
;;0
;;0
;;0
;;0
;;0
;;0
;;0
;;0
;;0
;;0
;;0
;;0
;;0
;;0
;;0
;;0
;;0
;;0
;;0
;;0
;;0
;;0
;;0
;;0
;;0
;;0
;;0
;;0
;;0
;;0
;;0
;;0
;;0
;;0
;;0
;;0
;;0
;;0
;;0
;;0
;;0
;;0
;;0
;;0
;;0
;;0
;;0
;;0
;;0
;;0
;;0
;;0
;;0
;;0
;;0
;;0
;;0
;;0
;;0
;;0
;;0
;;0
;;0
;;0
;;0
;;0
;;0
;;0
;;0
;;0
;;0
;;0
;;0
;;0
;;0
;;0
;;0
;;0
;;0
;;0
;;0
;;0
;;0
;;0
;;0
;;0
;;0
;;0
;;0
;;0
;;0
;;0
;;0
;;0
;;0
;;0
;;0
;;0
;;0
;;0
;;0
;;0
;;0
;;0
;;0
;;0
;;0
;;0
;;0
;;0
;;0
;;0
;;0
;;0
;;0
;;0
;;0
;;0
;;0
;;0
;;0
;;0
;;0
;;0
;;0
;;0
;;0
;;0
;;0
;;0
;;0
;;0
;;0
;;0
;;0
;;0
;;0
;;0
;;0
;;0
;;0
;;0
;;0
;;0
;;0
;;0
;;0
;;0
;;0
;;0
;;0
;;0
;;0
;;0
;;0
;;0
;;0
;;0
;;0
;;0
;;0
;;0
;;0
;;0
;;0
;;0
;;0
;;0
;;0
;;0
;;0
;;0
;;0
;;0
;;0
;;0
;;0
;;0
;;0
;;0
;;0
;;0
;;0
;;0
;;0
;;0
;;0
;;0
;;0
;;0
;;0
;;0
;;0
;;0
;;0
;;0
;;0
;;0
;;0
;;0
;;0
;;0
;;0
;;0
;;0
;;0
;;0
;;0
;;0
;;0
;;0
;;0
;;0
;;0
;;0
;;0
;;0
;;0
;;0
;;0
;;0
;;0
;;0
;;0
;;0
;;0
;;0
;;0
;;0
