Time;opctyngrppub01 : Actives
27/03/2022 20:00;139
27/03/2022 22:00;119
28/03/2022 00:00;1281
28/03/2022 02:00;5496
28/03/2022 04:00;4676
28/03/2022 06:00;144
28/03/2022 08:00;379
28/03/2022 10:00;668
28/03/2022 12:00;501
28/03/2022 14:00;466
28/03/2022 16:00;481
28/03/2022 18:00;333
28/03/2022 20:00;209
28/03/2022 22:00;163
29/03/2022 00:00;1338
29/03/2022 02:00;5627
29/03/2022 04:00;4802
29/03/2022 06:00;189
29/03/2022 08:00;374
29/03/2022 10:00;655
29/03/2022 12:00;514
29/03/2022 14:00;482
29/03/2022 16:00;499
29/03/2022 18:00;336
29/03/2022 20:00;207
29/03/2022 22:00;175
30/03/2022 00:00;1341
30/03/2022 02:00;5613
30/03/2022 04:00;4782
30/03/2022 06:00;193
30/03/2022 08:00;370
30/03/2022 10:00;612
30/03/2022 12:00;473
30/03/2022 14:00;427
30/03/2022 16:00;452
30/03/2022 18:00;296
30/03/2022 20:00;170
30/03/2022 22:00;133
31/03/2022 00:00;1293
31/03/2022 02:00;5582
31/03/2022 04:00;4768
31/03/2022 06:00;137
31/03/2022 08:00;337
31/03/2022 10:00;616
31/03/2022 12:00;477
31/03/2022 14:00;424
31/03/2022 16:00;460
31/03/2022 18:00;322
31/03/2022 20:00;227
31/03/2022 22:00;188
01/04/2022 00:00;1347
01/04/2022 02:00;5637
01/04/2022 04:00;4835
01/04/2022 06:00;191
01/04/2022 08:00;388
01/04/2022 10:00;662
01/04/2022 12:00;548
01/04/2022 14:00;460
01/04/2022 16:00;483
01/04/2022 18:00;355
01/04/2022 20:00;247
01/04/2022 22:00;177
02/04/2022 00:00;1340
02/04/2022 02:00;5643
02/04/2022 04:00;4833
02/04/2022 06:00;169
02/04/2022 08:00;213
02/04/2022 10:00;279
02/04/2022 12:00;278
02/04/2022 14:00;229
02/04/2022 16:00;235
02/04/2022 18:00;231
02/04/2022 20:00;207
02/04/2022 22:00;171
03/04/2022 00:00;1334
03/04/2022 02:00;5644
03/04/2022 04:00;4786
03/04/2022 06:00;163
03/04/2022 08:00;173
03/04/2022 10:00;193
03/04/2022 12:00;204
03/04/2022 14:00;187
03/04/2022 16:00;191
03/04/2022 18:00;198
03/04/2022 20:00;183
03/04/2022 22:00;158
04/04/2022 00:00;1331
04/04/2022 02:00;5596
04/04/2022 04:00;4792
04/04/2022 06:00;184
04/04/2022 08:00;427
04/04/2022 10:00;694
04/04/2022 12:00;544
04/04/2022 14:00;483
04/04/2022 16:00;499
04/04/2022 18:00;330
04/04/2022 20:00;214
04/04/2022 22:00;173
05/04/2022 00:00;1345
05/04/2022 02:00;5640
05/04/2022 04:00;4824
05/04/2022 06:00;194
05/04/2022 08:00;402
05/04/2022 10:00;681
05/04/2022 12:00;502
05/04/2022 14:00;470
05/04/2022 16:00;522
05/04/2022 18:00;346
05/04/2022 20:00;274
05/04/2022 22:00;182
06/04/2022 00:00;1347
06/04/2022 02:00;5676
06/04/2022 04:00;4845
06/04/2022 06:00;193
06/04/2022 08:00;382
06/04/2022 10:00;619
06/04/2022 12:00;493
06/04/2022 14:00;447
06/04/2022 16:00;477
06/04/2022 18:00;345
06/04/2022 20:00;225
06/04/2022 22:00;175
07/04/2022 00:00;1351
07/04/2022 02:00;5665
07/04/2022 04:00;4877
07/04/2022 06:00;197
07/04/2022 08:00;384
07/04/2022 10:00;617
07/04/2022 12:00;512
07/04/2022 14:00;486
07/04/2022 16:00;509
07/04/2022 18:00;358
07/04/2022 20:00;222
07/04/2022 22:00;176
08/04/2022 00:00;1357
08/04/2022 02:00;5696
08/04/2022 04:00;4874
08/04/2022 06:00;185
08/04/2022 08:00;380
08/04/2022 10:00;650
08/04/2022 12:00;554
08/04/2022 14:00;479
08/04/2022 16:00;533
08/04/2022 18:00;415
08/04/2022 20:00;289
08/04/2022 22:00;205
09/04/2022 00:00;1374
09/04/2022 02:00;5728
09/04/2022 04:00;4886
09/04/2022 06:00;163
09/04/2022 08:00;209
09/04/2022 10:00;287
09/04/2022 12:00;276
09/04/2022 14:00;241
09/04/2022 16:00;278
09/04/2022 18:00;253
09/04/2022 20:00;215
09/04/2022 22:00;180
10/04/2022 00:00;1365
10/04/2022 02:00;5683
10/04/2022 04:00;4840
10/04/2022 06:00;155
10/04/2022 08:00;168
10/04/2022 10:00;198
10/04/2022 12:00;213
10/04/2022 14:00;191
10/04/2022 16:00;198
10/04/2022 18:00;215
10/04/2022 20:00;197
10/04/2022 22:00;168
11/04/2022 00:00;1353
11/04/2022 02:00;5681
11/04/2022 04:00;4822
11/04/2022 06:00;197
11/04/2022 08:00;419
11/04/2022 10:00;632
11/04/2022 12:00;482
11/04/2022 14:00;460
11/04/2022 16:00;510
11/04/2022 18:00;341
11/04/2022 20:00;219
11/04/2022 22:00;208
12/04/2022 00:00;1366
12/04/2022 02:00;5717
12/04/2022 04:00;4898
12/04/2022 06:00;202
12/04/2022 08:00;383
12/04/2022 10:00;668
12/04/2022 12:00;561
12/04/2022 14:00;496
12/04/2022 16:00;512
12/04/2022 18:00;364
12/04/2022 20:00;231
12/04/2022 22:00;188
13/04/2022 00:00;1384
13/04/2022 02:00;5735
13/04/2022 04:00;4914
13/04/2022 06:00;204
13/04/2022 08:00;374
13/04/2022 10:00;619
13/04/2022 12:00;503
13/04/2022 14:00;488
13/04/2022 16:00;527
13/04/2022 18:00;362
13/04/2022 20:00;223
13/04/2022 22:00;185
14/04/2022 00:00;1387
14/04/2022 02:00;5757
14/04/2022 04:00;4914
14/04/2022 06:00;200
14/04/2022 08:00;383
14/04/2022 10:00;633
14/04/2022 12:00;531
14/04/2022 14:00;460
14/04/2022 16:00;485
14/04/2022 18:00;370
14/04/2022 20:00;235
14/04/2022 22:00;194
15/04/2022 00:00;1391
15/04/2022 02:00;5743
15/04/2022 04:00;4901
15/04/2022 06:00;190
15/04/2022 08:00;356
15/04/2022 10:00;590
15/04/2022 12:00;499
15/04/2022 14:00;422
15/04/2022 16:00;424
15/04/2022 18:00;325
15/04/2022 20:00;239
15/04/2022 22:00;186
16/04/2022 00:00;1386
16/04/2022 02:00;5739
16/04/2022 04:00;4907
16/04/2022 06:00;166
16/04/2022 08:00;211
16/04/2022 10:00;285
16/04/2022 12:00;272
16/04/2022 14:00;240
16/04/2022 16:00;249
16/04/2022 18:00;257
16/04/2022 20:00;216
16/04/2022 22:00;178
17/04/2022 00:00;1388
17/04/2022 02:00;5706
17/04/2022 04:00;4863
17/04/2022 06:00;171
17/04/2022 08:00;171
17/04/2022 10:00;204
17/04/2022 12:00;216
17/04/2022 14:00;193
17/04/2022 16:00;196
17/04/2022 18:00;215
17/04/2022 20:00;192
17/04/2022 22:00;176
18/04/2022 00:00;1380
18/04/2022 02:00;5726
18/04/2022 04:00;4871
18/04/2022 06:00;170
18/04/2022 08:00;181
18/04/2022 10:00;221
18/04/2022 12:00;228
18/04/2022 14:00;211
18/04/2022 16:00;208
18/04/2022 18:00;211
18/04/2022 20:00;197
18/04/2022 22:00;168
19/04/2022 00:00;1377
19/04/2022 02:00;5694
19/04/2022 04:00;4859
19/04/2022 06:00;193
19/04/2022 08:00;410
19/04/2022 10:00;829
19/04/2022 12:00;1206
19/04/2022 14:00;2106
19/04/2022 16:00;1360
19/04/2022 18:00;362
19/04/2022 20:00;224
19/04/2022 22:00;173
20/04/2022 00:00;1383
20/04/2022 02:00;5760
20/04/2022 04:00;4923
20/04/2022 06:00;195
20/04/2022 08:00;380
20/04/2022 10:00;625
20/04/2022 12:00;471
20/04/2022 14:00;410
20/04/2022 16:00;455
20/04/2022 18:00;345
20/04/2022 20:00;223
20/04/2022 22:00;181
21/04/2022 00:00;1392
21/04/2022 02:00;5764
21/04/2022 04:00;4917
21/04/2022 06:00;185
21/04/2022 08:00;381
21/04/2022 10:00;634
21/04/2022 12:00;497
21/04/2022 14:00;464
21/04/2022 16:00;477
21/04/2022 18:00;338
21/04/2022 20:00;227
21/04/2022 22:00;178
22/04/2022 00:00;1403
22/04/2022 02:00;5804
22/04/2022 04:00;4938
22/04/2022 06:00;192
22/04/2022 08:00;365
22/04/2022 10:00;579
22/04/2022 12:00;461
22/04/2022 14:00;419
22/04/2022 16:00;470
22/04/2022 18:00;347
22/04/2022 20:00;230
22/04/2022 22:00;174
23/04/2022 00:00;1388
23/04/2022 02:00;5754
23/04/2022 04:00;4936
23/04/2022 06:00;163
23/04/2022 08:00;206
23/04/2022 10:00;293
23/04/2022 12:00;293
23/04/2022 14:00;259
23/04/2022 16:00;253
23/04/2022 18:00;259
23/04/2022 20:00;217
23/04/2022 22:00;180
24/04/2022 00:00;1399
24/04/2022 02:00;5753
24/04/2022 04:00;4882
24/04/2022 06:00;165
24/04/2022 08:00;187
24/04/2022 10:00;204
24/04/2022 12:00;217
24/04/2022 14:00;198
24/04/2022 16:00;207
24/04/2022 18:00;216
24/04/2022 20:00;196
24/04/2022 22:00;173
25/04/2022 00:00;1390
25/04/2022 02:00;5731
25/04/2022 04:00;4878
25/04/2022 06:00;200
25/04/2022 08:00;450
25/04/2022 10:00;665
25/04/2022 12:00;480
25/04/2022 14:00;448
25/04/2022 16:00;509
25/04/2022 18:00;367
25/04/2022 20:00;233
25/04/2022 22:00;171
26/04/2022 00:00;1401
26/04/2022 02:00;5798
26/04/2022 04:00;4948
26/04/2022 06:00;196
26/04/2022 08:00;398
26/04/2022 10:00;1769
26/04/2022 12:00;802
26/04/2022 14:00;495
26/04/2022 16:00;560
26/04/2022 18:00;399
26/04/2022 20:00;227
26/04/2022 22:00;185
27/04/2022 00:00;1406
27/04/2022 02:00;5819
27/04/2022 04:00;4949
27/04/2022 06:00;203
27/04/2022 08:00;396
27/04/2022 10:00;649
27/04/2022 12:00;524
27/04/2022 14:00;480
27/04/2022 16:00;513
27/04/2022 18:00;368
27/04/2022 20:00;221
27/04/2022 22:00;186
28/04/2022 00:00;1409
28/04/2022 02:00;5843
28/04/2022 04:00;4937
28/04/2022 06:00;197
28/04/2022 08:00;393
28/04/2022 10:00;639
28/04/2022 12:00;514
28/04/2022 14:00;495
28/04/2022 16:00;516
28/04/2022 18:00;369
28/04/2022 20:00;255
28/04/2022 22:00;224
29/04/2022 00:00;1422
29/04/2022 02:00;5859
29/04/2022 04:00;4964
29/04/2022 06:00;208
29/04/2022 08:00;376
29/04/2022 10:00;650
29/04/2022 12:00;530
29/04/2022 14:00;452
29/04/2022 16:00;475
29/04/2022 18:00;359
29/04/2022 20:00;235
29/04/2022 22:00;187
30/04/2022 00:00;1415
30/04/2022 02:00;5833
30/04/2022 04:00;4942
30/04/2022 06:00;175
30/04/2022 08:00;210
30/04/2022 10:00;289
30/04/2022 12:00;288
30/04/2022 14:00;239
30/04/2022 16:00;240
30/04/2022 18:00;254
30/04/2022 20:00;224
30/04/2022 22:00;181
01/05/2022 00:00;1409
01/05/2022 02:00;5803
01/05/2022 04:00;4919
01/05/2022 06:00;166
01/05/2022 08:00;191
01/05/2022 10:00;251
01/05/2022 12:00;258
01/05/2022 14:00;235
01/05/2022 16:00;238
01/05/2022 18:00;245
01/05/2022 20:00;237
01/05/2022 22:00;223
02/05/2022 00:00;1450
02/05/2022 02:00;5853
02/05/2022 04:00;4964
02/05/2022 06:00;247
02/05/2022 08:00;473
02/05/2022 10:00;677
02/05/2022 12:00;510
02/05/2022 14:00;473
02/05/2022 16:00;517
02/05/2022 18:00;391
02/05/2022 20:00;256
02/05/2022 22:00;226
03/05/2022 00:00;1467
03/05/2022 02:00;5883
03/05/2022 04:00;5006
03/05/2022 06:00;239
03/05/2022 08:00;435
03/05/2022 10:00;701
03/05/2022 12:00;551
03/05/2022 14:00;509
03/05/2022 16:00;569
03/05/2022 18:00;416
03/05/2022 20:00;283
03/05/2022 22:00;264
04/05/2022 00:00;1465
04/05/2022 02:00;5901
04/05/2022 04:00;5042
04/05/2022 06:00;246
04/05/2022 08:00;435
04/05/2022 10:00;658
04/05/2022 12:00;495
04/05/2022 14:00;489
04/05/2022 16:00;527
04/05/2022 18:00;404
04/05/2022 20:00;274
04/05/2022 22:00;236
05/05/2022 00:00;1467
05/05/2022 02:00;5922
05/05/2022 04:00;5061
05/05/2022 06:00;248
05/05/2022 08:00;434
05/05/2022 10:00;681
05/05/2022 12:00;538
05/05/2022 14:00;502
05/05/2022 16:00;566
05/05/2022 18:00;414
05/05/2022 20:00;260
05/05/2022 22:00;180
06/05/2022 00:00;1420
06/05/2022 02:00;5888
06/05/2022 04:00;5013
06/05/2022 06:00;193
06/05/2022 08:00;374
06/05/2022 10:00;620
06/05/2022 12:00;518
06/05/2022 14:00;430
06/05/2022 16:00;464
06/05/2022 18:00;329
06/05/2022 20:00;235
06/05/2022 22:00;187
07/05/2022 00:00;1422
07/05/2022 02:00;5889
07/05/2022 04:00;4987
07/05/2022 06:00;168
07/05/2022 08:00;205
07/05/2022 10:00;286
07/05/2022 12:00;256
07/05/2022 14:00;227
07/05/2022 16:00;236
07/05/2022 18:00;224
07/05/2022 20:00;198
07/05/2022 22:00;170
08/05/2022 00:00;1419
08/05/2022 02:00;5870
08/05/2022 04:00;4964
08/05/2022 06:00;159
08/05/2022 08:00;173
08/05/2022 10:00;208
08/05/2022 12:00;214
08/05/2022 14:00;192
08/05/2022 16:00;193
08/05/2022 18:00;200
08/05/2022 20:00;188
08/05/2022 22:00;172
09/05/2022 00:00;1420
09/05/2022 02:00;5827
09/05/2022 04:00;4959
09/05/2022 06:00;202
09/05/2022 08:00;419
09/05/2022 10:00;680
09/05/2022 12:00;520
09/05/2022 14:00;483
09/05/2022 16:00;493
09/05/2022 18:00;312
09/05/2022 20:00;183
09/05/2022 22:00;1632
10/05/2022 00:00;1530
10/05/2022 02:00;5827
10/05/2022 04:00;4964
10/05/2022 06:00;153
10/05/2022 08:00;354
10/05/2022 10:00;546
10/05/2022 12:00;454
10/05/2022 14:00;431
10/05/2022 16:00;436
10/05/2022 18:00;292
10/05/2022 20:00;183
10/05/2022 22:00;152
11/05/2022 00:00;1387
11/05/2022 02:00;5880
11/05/2022 04:00;5014
11/05/2022 06:00;146
11/05/2022 08:00;351
11/05/2022 10:00;594
11/05/2022 12:00;456
11/05/2022 14:00;378
11/05/2022 16:00;395
11/05/2022 22:00;165
12/05/2022 00:00;1391
12/05/2022 02:00;5866
12/05/2022 04:00;5026
12/05/2022 06:00;151
12/05/2022 08:00;339
12/05/2022 10:00;567
12/05/2022 12:00;433
12/05/2022 14:00;407
12/05/2022 16:00;429
12/05/2022 18:00;296
12/05/2022 20:00;193
12/05/2022 22:00;207
13/05/2022 00:00;1395
13/05/2022 02:00;5874
13/05/2022 04:00;5027
13/05/2022 06:00;153
13/05/2022 08:00;333
13/05/2022 10:00;562
13/05/2022 12:00;428
13/05/2022 14:00;399
13/05/2022 16:00;402
13/05/2022 18:00;291
13/05/2022 20:00;191
13/05/2022 22:00;143
14/05/2022 00:00;1396
14/05/2022 02:00;5882
14/05/2022 04:00;5019
14/05/2022 06:00;131
14/05/2022 08:00;168
14/05/2022 10:00;243
14/05/2022 12:00;231
14/05/2022 14:00;196
14/05/2022 16:00;196
14/05/2022 18:00;201
14/05/2022 20:00;169
14/05/2022 22:00;135
15/05/2022 00:00;1399
15/05/2022 02:00;5868
15/05/2022 04:00;5023
15/05/2022 06:00;127
15/05/2022 08:00;141
15/05/2022 10:00;168
15/05/2022 12:00;182
15/05/2022 14:00;152
15/05/2022 16:00;166
15/05/2022 18:00;186
15/05/2022 20:00;174
15/05/2022 22:00;158
16/05/2022 00:00;1394
16/05/2022 02:00;5816
16/05/2022 04:00;4979
16/05/2022 06:00;162
16/05/2022 08:00;400
16/05/2022 10:00;630
16/05/2022 12:00;433
16/05/2022 14:00;409
16/05/2022 16:00;419
16/05/2022 18:00;287
16/05/2022 20:00;179
16/05/2022 22:00;143
17/05/2022 00:00;1410
17/05/2022 02:00;7064
17/05/2022 04:00;6620
17/05/2022 06:00;154
17/05/2022 08:00;349
17/05/2022 10:00;570
17/05/2022 12:00;431
17/05/2022 14:00;401
17/05/2022 16:00;433
17/05/2022 18:00;303
17/05/2022 20:00;199
17/05/2022 22:00;154
18/05/2022 00:00;1395
18/05/2022 02:00;5943
18/05/2022 04:00;5119
18/05/2022 06:00;158
18/05/2022 08:00;347
18/05/2022 10:00;571
18/05/2022 12:00;430
18/05/2022 14:00;389
18/05/2022 16:00;462
18/05/2022 18:00;319
18/05/2022 20:00;191
18/05/2022 22:00;146
19/05/2022 00:00;1408
19/05/2022 02:00;5896
19/05/2022 04:00;5034
19/05/2022 06:00;168
19/05/2022 08:00;375
19/05/2022 10:00;634
19/05/2022 12:00;486
19/05/2022 14:00;424
19/05/2022 16:00;454
19/05/2022 18:00;328
19/05/2022 20:00;191
19/05/2022 22:00;140
20/05/2022 00:00;1404
20/05/2022 02:00;5956
20/05/2022 04:00;5078
20/05/2022 06:00;165
20/05/2022 08:00;355
20/05/2022 10:00;573
20/05/2022 12:00;467
20/05/2022 14:00;467
20/05/2022 16:00;504
20/05/2022 18:00;330
20/05/2022 20:00;215
20/05/2022 22:00;148
21/05/2022 00:00;1412
21/05/2022 02:00;5932
21/05/2022 04:00;5065
21/05/2022 06:00;146
21/05/2022 08:00;176
21/05/2022 10:00;251
21/05/2022 12:00;235
21/05/2022 14:00;204
21/05/2022 16:00;207
21/05/2022 18:00;212
21/05/2022 20:00;170
21/05/2022 22:00;136
22/05/2022 00:00;1411
22/05/2022 02:00;5895
22/05/2022 04:00;5022
22/05/2022 06:00;124
22/05/2022 08:00;142
22/05/2022 10:00;162
22/05/2022 12:00;177
22/05/2022 14:00;155
22/05/2022 16:00;162
22/05/2022 18:00;171
22/05/2022 20:00;158
22/05/2022 22:00;143
23/05/2022 00:00;1411
23/05/2022 02:00;5891
23/05/2022 04:00;4993
23/05/2022 06:00;165
23/05/2022 08:00;419
23/05/2022 10:00;682
23/05/2022 12:00;507
23/05/2022 14:00;443
23/05/2022 16:00;466
23/05/2022 18:00;321
23/05/2022 20:00;182
23/05/2022 22:00;142
24/05/2022 00:00;1448
24/05/2022 02:00;12383
24/05/2022 04:00;14242
24/05/2022 06:00;179
24/05/2022 08:00;377
24/05/2022 10:00;642
24/05/2022 12:00;482
24/05/2022 14:00;479
24/05/2022 16:00;479
24/05/2022 18:00;341
24/05/2022 20:00;205
24/05/2022 22:00;156
25/05/2022 00:00;1410
25/05/2022 02:00;6609
25/05/2022 04:00;5656
25/05/2022 06:00;177
25/05/2022 08:00;361
25/05/2022 10:00;584
25/05/2022 12:00;441
25/05/2022 14:00;382
25/05/2022 16:00;424
25/05/2022 18:00;327
25/05/2022 20:00;201
25/05/2022 22:00;144
26/05/2022 00:00;1410
26/05/2022 02:00;6008
26/05/2022 04:00;5062
26/05/2022 06:00;132
26/05/2022 08:00;153
26/05/2022 10:00;215
26/05/2022 12:00;210
26/05/2022 14:00;195
26/05/2022 16:00;202
26/05/2022 18:00;211
26/05/2022 20:00;177
26/05/2022 22:00;144
27/05/2022 00:00;1410
27/05/2022 02:00;5976
27/05/2022 04:00;5021
27/05/2022 06:00;144
27/05/2022 08:00;247
27/05/2022 10:00;409
27/05/2022 12:00;345
27/05/2022 14:00;296
27/05/2022 16:00;300
27/05/2022 18:00;245
27/05/2022 20:00;182
27/05/2022 22:00;138
28/05/2022 00:00;1416
28/05/2022 02:00;5968
28/05/2022 04:00;4997
28/05/2022 06:00;130
28/05/2022 08:00;166
28/05/2022 10:00;237
28/05/2022 12:00;234
28/05/2022 14:00;200
28/05/2022 16:00;206
28/05/2022 18:00;225
28/05/2022 20:00;193
28/05/2022 22:00;142
29/05/2022 00:00;1415
29/05/2022 02:00;5970
29/05/2022 04:00;5003
29/05/2022 06:00;129
29/05/2022 08:00;138
29/05/2022 10:00;168
29/05/2022 12:00;167
29/05/2022 14:00;158
29/05/2022 16:00;165
29/05/2022 18:00;169
29/05/2022 20:00;150
29/05/2022 22:00;135
30/05/2022 00:00;1410
30/05/2022 02:00;5929
30/05/2022 04:00;5006
30/05/2022 06:00;177
30/05/2022 08:00;389
30/05/2022 10:00;634
30/05/2022 12:00;471
30/05/2022 14:00;446
30/05/2022 16:00;464
30/05/2022 18:00;308
30/05/2022 20:00;178
30/05/2022 22:00;146
31/05/2022 00:00;1412
31/05/2022 02:00;6009
31/05/2022 04:00;5121
31/05/2022 06:00;175
31/05/2022 08:00;391
31/05/2022 10:00;683
31/05/2022 12:00;531
31/05/2022 14:00;436
31/05/2022 16:00;566
31/05/2022 18:00;337
31/05/2022 20:00;203
31/05/2022 22:00;158
01/06/2022 00:00;2900
01/06/2022 02:00;7875
01/06/2022 04:00;5155
01/06/2022 06:00;172
01/06/2022 08:00;360
01/06/2022 10:00;628
01/06/2022 12:00;517
01/06/2022 14:00;444
01/06/2022 16:00;495
01/06/2022 18:00;330
01/06/2022 20:00;192
01/06/2022 22:00;146
02/06/2022 00:00;1487
02/06/2022 02:00;6228
02/06/2022 04:00;5108
02/06/2022 06:00;171
02/06/2022 08:00;380
02/06/2022 10:00;650
02/06/2022 12:00;553
02/06/2022 14:00;500
02/06/2022 16:00;506
02/06/2022 18:00;348
02/06/2022 20:00;219
02/06/2022 22:00;188
03/06/2022 00:00;1437
03/06/2022 02:00;6080
03/06/2022 04:00;5129
03/06/2022 06:00;168
03/06/2022 08:00;379
03/06/2022 10:00;642
03/06/2022 12:00;501
03/06/2022 14:00;429
03/06/2022 16:00;473
03/06/2022 18:00;321
03/06/2022 20:00;208
03/06/2022 22:00;159
04/06/2022 00:00;1434
04/06/2022 02:00;6050
04/06/2022 04:00;5129
04/06/2022 06:00;177
04/06/2022 08:00;198
04/06/2022 10:00;249
04/06/2022 12:00;243
04/06/2022 14:00;205
04/06/2022 16:00;224
04/06/2022 18:00;253
04/06/2022 20:00;207
04/06/2022 22:00;166
05/06/2022 00:00;1446
05/06/2022 02:00;5981
05/06/2022 04:00;5048
05/06/2022 06:00;139
05/06/2022 08:00;157
05/06/2022 10:00;184
05/06/2022 12:00;195
05/06/2022 14:00;171
05/06/2022 16:00;179
05/06/2022 18:00;189
05/06/2022 20:00;157
05/06/2022 22:00;139
06/06/2022 00:00;1414
06/06/2022 02:00;5964
06/06/2022 04:00;5073
06/06/2022 06:00;180
06/06/2022 08:00;224
06/06/2022 10:00;300
06/06/2022 12:00;268
06/06/2022 14:00;218
06/06/2022 16:00;214
06/06/2022 18:00;199
06/06/2022 20:00;172
06/06/2022 22:00;146
07/06/2022 00:00;1421
07/06/2022 02:00;5981
07/06/2022 04:00;5031
07/06/2022 06:00;170
07/06/2022 08:00;468
07/06/2022 10:00;736
07/06/2022 12:00;533
07/06/2022 14:00;476
07/06/2022 16:00;515
07/06/2022 18:00;344
07/06/2022 20:00;204
07/06/2022 22:00;146
08/06/2022 00:00;1451
08/06/2022 02:00;6077
08/06/2022 04:00;5129
08/06/2022 06:00;169
08/06/2022 08:00;375
08/06/2022 10:00;657
08/06/2022 12:00;511
08/06/2022 14:00;445
08/06/2022 16:00;467
08/06/2022 18:00;315
08/06/2022 20:00;199
08/06/2022 22:00;154
09/06/2022 00:00;1448
09/06/2022 02:00;6067
09/06/2022 04:00;5166
09/06/2022 06:00;157
09/06/2022 08:00;402
09/06/2022 10:00;793
09/06/2022 12:00;687
09/06/2022 14:00;488
09/06/2022 16:00;471
09/06/2022 18:00;339
09/06/2022 20:00;208
09/06/2022 22:00;153
10/06/2022 00:00;1478
10/06/2022 02:00;13912
10/06/2022 04:00;15760
10/06/2022 06:00;189
10/06/2022 08:00;349
10/06/2022 10:00;591
10/06/2022 12:00;476
10/06/2022 14:00;411
10/06/2022 16:00;483
10/06/2022 18:00;322
10/06/2022 20:00;200
10/06/2022 22:00;147
11/06/2022 00:00;1447
11/06/2022 02:00;6357
11/06/2022 04:00;5586
11/06/2022 06:00;134
11/06/2022 08:00;173
11/06/2022 10:00;244
11/06/2022 12:00;224
11/06/2022 14:00;193
11/06/2022 16:00;200
11/06/2022 18:00;205
11/06/2022 20:00;161
11/06/2022 22:00;135
12/06/2022 00:00;1437
12/06/2022 02:00;6040
12/06/2022 04:00;5141
12/06/2022 06:00;119
12/06/2022 08:00;144
12/06/2022 10:00;178
12/06/2022 12:00;167
12/06/2022 14:00;155
12/06/2022 16:00;162
12/06/2022 18:00;177
12/06/2022 20:00;166
12/06/2022 22:00;143
13/06/2022 00:00;1440
13/06/2022 02:00;6009
13/06/2022 04:00;5137
13/06/2022 06:00;173
13/06/2022 08:00;397
13/06/2022 10:00;642
13/06/2022 12:00;481
13/06/2022 14:00;441
13/06/2022 16:00;509
13/06/2022 18:00;321
13/06/2022 20:00;212
13/06/2022 22:00;156
14/06/2022 00:00;1659
14/06/2022 02:00;6318
14/06/2022 04:00;5169
14/06/2022 06:00;170
14/06/2022 08:00;386
14/06/2022 10:00;701
14/06/2022 12:00;510
14/06/2022 14:00;450
14/06/2022 16:00;499
14/06/2022 18:00;350
14/06/2022 20:00;216
14/06/2022 22:00;158
15/06/2022 00:00;1494
15/06/2022 02:00;13861
15/06/2022 04:00;15710
15/06/2022 06:00;197
15/06/2022 08:00;401
15/06/2022 10:00;679
15/06/2022 12:00;513
15/06/2022 14:00;477
15/06/2022 16:00;514
15/06/2022 18:00;336
15/06/2022 20:00;215
15/06/2022 22:00;151
16/06/2022 00:00;1447
16/06/2022 02:00;6487
16/06/2022 04:00;5630
16/06/2022 06:00;178
16/06/2022 08:00;364
16/06/2022 10:00;728
16/06/2022 12:00;521
16/06/2022 14:00;454
16/06/2022 16:00;514
16/06/2022 18:00;359
16/06/2022 20:00;215
16/06/2022 22:00;169
17/06/2022 00:00;1449
17/06/2022 02:00;6143
17/06/2022 04:00;5204
17/06/2022 06:00;157
17/06/2022 08:00;353
17/06/2022 10:00;624
17/06/2022 12:00;477
17/06/2022 14:00;438
17/06/2022 16:00;440
17/06/2022 18:00;314
17/06/2022 20:00;227
17/06/2022 22:00;197
18/06/2022 00:00;1488
18/06/2022 02:00;6171
18/06/2022 04:00;5188
18/06/2022 06:00;151
18/06/2022 08:00;193
18/06/2022 10:00;260
18/06/2022 12:00;249
18/06/2022 14:00;211
18/06/2022 16:00;220
18/06/2022 18:00;233
18/06/2022 20:00;232
18/06/2022 22:00;176
19/06/2022 00:00;1497
19/06/2022 02:00;6122
19/06/2022 04:00;5156
19/06/2022 06:00;153
19/06/2022 08:00;157
19/06/2022 10:00;190
19/06/2022 12:00;187
19/06/2022 14:00;182
19/06/2022 16:00;175
19/06/2022 18:00;190
19/06/2022 20:00;184
19/06/2022 22:00;163
20/06/2022 00:00;1463
20/06/2022 02:00;6118
20/06/2022 04:00;5130
20/06/2022 06:00;179
20/06/2022 08:00;448
20/06/2022 10:00;675
20/06/2022 12:00;500
20/06/2022 14:00;452
20/06/2022 16:00;499
20/06/2022 18:00;354
20/06/2022 20:00;213
20/06/2022 22:00;193
21/06/2022 00:00;1483
21/06/2022 02:00;6157
21/06/2022 04:00;5181
21/06/2022 06:00;162
21/06/2022 08:00;405
21/06/2022 10:00;689
21/06/2022 12:00;534
21/06/2022 14:00;509
21/06/2022 16:00;548
21/06/2022 18:00;367
21/06/2022 20:00;241
21/06/2022 22:00;171
22/06/2022 00:00;1492
22/06/2022 02:00;6176
22/06/2022 04:00;5220
22/06/2022 06:00;175
22/06/2022 08:00;432
22/06/2022 10:00;665
22/06/2022 12:00;494
22/06/2022 14:00;463
22/06/2022 16:00;505
22/06/2022 22:00;172
23/06/2022 00:00;1473
23/06/2022 02:00;6199
23/06/2022 04:00;5203
23/06/2022 06:00;185
23/06/2022 08:00;401
23/06/2022 10:00;692
23/06/2022 12:00;539
23/06/2022 14:00;526
23/06/2022 16:00;532
23/06/2022 18:00;384
23/06/2022 20:00;231
23/06/2022 22:00;165
24/06/2022 00:00;1490
24/06/2022 02:00;6195
24/06/2022 04:00;5225
24/06/2022 06:00;173
24/06/2022 08:00;403
24/06/2022 10:00;643
24/06/2022 12:00;519
24/06/2022 14:00;461
24/06/2022 16:00;483
24/06/2022 18:00;365
24/06/2022 20:00;230
24/06/2022 22:00;160
25/06/2022 00:00;1483
25/06/2022 02:00;6167
25/06/2022 04:00;5182
25/06/2022 06:00;142
25/06/2022 08:00;187
25/06/2022 10:00;260
25/06/2022 12:00;275
25/06/2022 14:00;223
25/06/2022 16:00;204
25/06/2022 18:00;220
25/06/2022 20:00;208
25/06/2022 22:00;163
26/06/2022 00:00;1475
26/06/2022 02:00;6162
26/06/2022 04:00;5161
26/06/2022 06:00;148
26/06/2022 08:00;150
26/06/2022 10:00;178
26/06/2022 12:00;183
26/06/2022 14:00;158
26/06/2022 16:00;168
26/06/2022 18:00;186
26/06/2022 20:00;168
26/06/2022 22:00;154
27/06/2022 00:00;1471
27/06/2022 02:00;6129
27/06/2022 04:00;5130
27/06/2022 06:00;168
27/06/2022 08:00;418
27/06/2022 10:00;670
27/06/2022 12:00;523
27/06/2022 14:00;499
27/06/2022 16:00;520
27/06/2022 18:00;337
27/06/2022 20:00;200
27/06/2022 22:00;151
28/06/2022 00:00;1476
28/06/2022 02:00;6208
28/06/2022 04:00;5206
28/06/2022 06:00;164
28/06/2022 08:00;413
28/06/2022 10:00;685
28/06/2022 12:00;543
28/06/2022 14:00;513
28/06/2022 16:00;550
28/06/2022 18:00;382
28/06/2022 20:00;203
28/06/2022 22:00;154
29/06/2022 00:00;1491
29/06/2022 02:00;7376
29/06/2022 04:00;6787
29/06/2022 06:00;148
29/06/2022 08:00;370
29/06/2022 10:00;635
29/06/2022 12:00;505
29/06/2022 14:00;464
29/06/2022 16:00;485
29/06/2022 18:00;341
29/06/2022 20:00;216
29/06/2022 22:00;175
30/06/2022 00:00;1480
30/06/2022 02:00;6213
30/06/2022 04:00;5264
30/06/2022 06:00;145
30/06/2022 08:00;399
30/06/2022 10:00;702
30/06/2022 12:00;509
30/06/2022 14:00;484
30/06/2022 16:00;509
30/06/2022 18:00;352
30/06/2022 20:00;214
30/06/2022 22:00;154
01/07/2022 00:00;1478
01/07/2022 02:00;7396
01/07/2022 04:00;6895
01/07/2022 06:00;164
01/07/2022 08:00;378
01/07/2022 10:00;684
01/07/2022 12:00;531
01/07/2022 14:00;457
01/07/2022 16:00;498
01/07/2022 18:00;321
01/07/2022 20:00;219
01/07/2022 22:00;165
02/07/2022 00:00;1492
02/07/2022 02:00;6280
02/07/2022 04:00;5298
02/07/2022 06:00;134
02/07/2022 08:00;175
02/07/2022 10:00;251
02/07/2022 12:00;244
02/07/2022 14:00;197
02/07/2022 16:00;206
02/07/2022 18:00;210
02/07/2022 20:00;198
02/07/2022 22:00;155
03/07/2022 00:00;1476
03/07/2022 02:00;6185
03/07/2022 04:00;5215
03/07/2022 06:00;123
03/07/2022 08:00;138
03/07/2022 10:00;166
03/07/2022 12:00;179
03/07/2022 14:00;157
03/07/2022 16:00;151
03/07/2022 18:00;166
03/07/2022 20:00;195
03/07/2022 22:00;153
04/07/2022 00:00;1472
04/07/2022 02:00;6176
04/07/2022 04:00;5177
04/07/2022 06:00;148
04/07/2022 08:00;413
04/07/2022 10:00;684
04/07/2022 12:00;476
04/07/2022 14:00;481
04/07/2022 16:00;529
04/07/2022 18:00;325
04/07/2022 20:00;203
04/07/2022 22:00;159
05/07/2022 00:00;1488
05/07/2022 02:00;6223
05/07/2022 04:00;5257
05/07/2022 06:00;163
05/07/2022 08:00;396
05/07/2022 10:00;725
05/07/2022 12:00;527
05/07/2022 14:00;500
05/07/2022 16:00;528
05/07/2022 18:00;356
05/07/2022 20:00;221
05/07/2022 22:00;160
06/07/2022 00:00;1485
06/07/2022 02:00;6247
06/07/2022 04:00;5256
06/07/2022 06:00;149
06/07/2022 08:00;377
06/07/2022 10:00;635
06/07/2022 12:00;508
06/07/2022 14:00;454
06/07/2022 16:00;468
06/07/2022 18:00;369
06/07/2022 20:00;209
06/07/2022 22:00;165
07/07/2022 00:00;1507
07/07/2022 02:00;6235
07/07/2022 04:00;5276
07/07/2022 06:00;149
07/07/2022 08:00;350
07/07/2022 10:00;617
07/07/2022 12:00;491
07/07/2022 14:00;457
07/07/2022 16:00;493
07/07/2022 18:00;340
07/07/2022 20:00;208
07/07/2022 22:00;167
08/07/2022 00:00;1496
08/07/2022 02:00;6261
08/07/2022 04:00;5281
08/07/2022 06:00;161
08/07/2022 08:00;361
08/07/2022 10:00;603
08/07/2022 12:00;466
08/07/2022 14:00;420
08/07/2022 16:00;430
08/07/2022 18:00;333
08/07/2022 20:00;240
08/07/2022 22:00;166
09/07/2022 00:00;1508
09/07/2022 02:00;6296
09/07/2022 04:00;5275
09/07/2022 06:00;139
09/07/2022 08:00;178
09/07/2022 10:00;252
09/07/2022 12:00;240
09/07/2022 14:00;201
09/07/2022 16:00;206
09/07/2022 18:00;209
09/07/2022 20:00;193
09/07/2022 22:00;163
10/07/2022 00:00;1513
10/07/2022 02:00;6249
10/07/2022 04:00;5261
10/07/2022 06:00;140
10/07/2022 08:00;142
10/07/2022 10:00;163
10/07/2022 12:00;192
10/07/2022 14:00;171
10/07/2022 16:00;176
10/07/2022 18:00;175
10/07/2022 20:00;172
10/07/2022 22:00;152
11/07/2022 00:00;1493
11/07/2022 02:00;6231
11/07/2022 04:00;5264
11/07/2022 06:00;164
11/07/2022 08:00;378
11/07/2022 10:00;630
11/07/2022 12:00;464
11/07/2022 14:00;438
11/07/2022 16:00;503
11/07/2022 18:00;330
11/07/2022 20:00;207
11/07/2022 22:00;184
12/07/2022 00:00;1511
12/07/2022 02:00;6291
12/07/2022 04:00;5307
12/07/2022 06:00;167
12/07/2022 08:00;368
12/07/2022 10:00;655
12/07/2022 12:00;505
12/07/2022 14:00;476
12/07/2022 16:00;505
12/07/2022 18:00;376
12/07/2022 20:00;252
12/07/2022 22:00;183
13/07/2022 00:00;1521
13/07/2022 02:00;6300
13/07/2022 04:00;5332
13/07/2022 06:00;176
13/07/2022 08:00;371
13/07/2022 10:00;663
13/07/2022 12:00;526
13/07/2022 14:00;483
13/07/2022 16:00;514
13/07/2022 18:00;383
13/07/2022 20:00;230
13/07/2022 22:00;175
14/07/2022 00:00;1521
14/07/2022 02:00;2979
18/07/2022 10:00;1356
18/07/2022 12:00;406
18/07/2022 14:00;479
18/07/2022 16:00;541
18/07/2022 18:00;392
18/07/2022 20:00;224
18/07/2022 22:00;174
19/07/2022 00:00;1522
19/07/2022 02:00;6329
19/07/2022 04:00;5351
19/07/2022 06:00;172
19/07/2022 08:00;407
19/07/2022 10:00;676
19/07/2022 12:00;542
19/07/2022 14:00;496
19/07/2022 16:00;532
19/07/2022 18:00;388
19/07/2022 20:00;255
19/07/2022 22:00;213
20/07/2022 00:00;1559
20/07/2022 02:00;6369
20/07/2022 04:00;5425
20/07/2022 06:00;217
20/07/2022 08:00;396
20/07/2022 10:00;656
20/07/2022 12:00;498
20/07/2022 14:00;434
20/07/2022 16:00;474
20/07/2022 18:00;383
20/07/2022 20:00;280
20/07/2022 22:00;208
21/07/2022 00:00;1534
21/07/2022 02:00;6367
21/07/2022 04:00;5461
21/07/2022 06:00;167
21/07/2022 08:00;372
21/07/2022 10:00;618
21/07/2022 12:00;518
21/07/2022 14:00;445
21/07/2022 16:00;488
21/07/2022 18:00;374
21/07/2022 20:00;244
21/07/2022 22:00;179
22/07/2022 00:00;1536
22/07/2022 02:00;6328
22/07/2022 04:00;5377
22/07/2022 06:00;169
22/07/2022 08:00;362
22/07/2022 10:00;608
22/07/2022 12:00;527
22/07/2022 14:00;417
22/07/2022 16:00;448
22/07/2022 18:00;349
22/07/2022 20:00;253
22/07/2022 22:00;194
23/07/2022 00:00;1543
23/07/2022 02:00;6340
23/07/2022 04:00;5391
23/07/2022 06:00;166
23/07/2022 08:00;203
23/07/2022 10:00;277
23/07/2022 12:00;264
23/07/2022 14:00;214
23/07/2022 16:00;220
23/07/2022 18:00;244
23/07/2022 20:00;224
23/07/2022 22:00;198
24/07/2022 00:00;1561
24/07/2022 02:00;6323
24/07/2022 04:00;5358
24/07/2022 06:00;156
24/07/2022 08:00;181
24/07/2022 10:00;217
24/07/2022 12:00;209
24/07/2022 14:00;192
24/07/2022 16:00;204
24/07/2022 18:00;207
24/07/2022 20:00;217
24/07/2022 22:00;185
25/07/2022 00:00;1546
25/07/2022 02:00;6398
25/07/2022 04:00;5487
25/07/2022 06:00;204
25/07/2022 08:00;447
25/07/2022 10:00;719
25/07/2022 12:00;495
25/07/2022 14:00;425
25/07/2022 16:00;473
25/07/2022 18:00;317
25/07/2022 20:00;217
25/07/2022 22:00;181
26/07/2022 00:00;1524
26/07/2022 02:00;6343
26/07/2022 04:00;5365
26/07/2022 06:00;169
26/07/2022 08:00;354
26/07/2022 10:00;611
26/07/2022 12:00;488
26/07/2022 14:00;417
26/07/2022 16:00;474
26/07/2022 18:00;324
26/07/2022 20:00;216
26/07/2022 22:00;190
27/07/2022 00:00;1528
27/07/2022 02:00;6336
27/07/2022 04:00;5386
27/07/2022 06:00;225
27/07/2022 08:00;349
27/07/2022 10:00;570
27/07/2022 12:00;453
27/07/2022 14:00;393
27/07/2022 16:00;440
27/07/2022 18:00;355
27/07/2022 20:00;231
27/07/2022 22:00;172
28/07/2022 00:00;1558
28/07/2022 02:00;6379
28/07/2022 04:00;5374
28/07/2022 06:00;182
28/07/2022 08:00;353
28/07/2022 10:00;583
28/07/2022 12:00;418
28/07/2022 14:00;400
28/07/2022 16:00;423
28/07/2022 18:00;312
28/07/2022 20:00;246
28/07/2022 22:00;217
29/07/2022 00:00;1592
29/07/2022 02:00;6378
29/07/2022 04:00;5417
29/07/2022 06:00;203
29/07/2022 08:00;371
29/07/2022 10:00;588
29/07/2022 12:00;506
29/07/2022 14:00;431
29/07/2022 16:00;453
29/07/2022 18:00;358
29/07/2022 20:00;278
29/07/2022 22:00;241
30/07/2022 00:00;1592
30/07/2022 02:00;6395
30/07/2022 04:00;5378
30/07/2022 06:00;194
30/07/2022 08:00;240
30/07/2022 10:00;296
30/07/2022 12:00;287
30/07/2022 14:00;252
30/07/2022 16:00;257
30/07/2022 18:00;262
30/07/2022 20:00;255
30/07/2022 22:00;214
31/07/2022 00:00;1578
31/07/2022 02:00;6348
31/07/2022 04:00;5359
31/07/2022 06:00;193
31/07/2022 08:00;206
31/07/2022 10:00;229
31/07/2022 12:00;238
31/07/2022 14:00;228
31/07/2022 16:00;226
31/07/2022 18:00;257
31/07/2022 20:00;252
31/07/2022 22:00;223
01/08/2022 00:00;1589
01/08/2022 02:00;6326
01/08/2022 04:00;5342
01/08/2022 06:00;218
01/08/2022 08:00;387
01/08/2022 10:00;599
01/08/2022 12:00;492
01/08/2022 14:00;424
01/08/2022 16:00;447
01/08/2022 18:00;335
01/08/2022 20:00;255
01/08/2022 22:00;218
02/08/2022 00:00;1596
02/08/2022 02:00;6382
02/08/2022 04:00;5433
02/08/2022 06:00;216
02/08/2022 08:00;363
02/08/2022 10:00;590
02/08/2022 12:00;485
02/08/2022 14:00;418
02/08/2022 16:00;444
02/08/2022 18:00;355
02/08/2022 20:00;266
02/08/2022 22:00;218
03/08/2022 00:00;1587
03/08/2022 02:00;6407
03/08/2022 04:00;5382
03/08/2022 06:00;210
03/08/2022 08:00;361
03/08/2022 10:00;531
03/08/2022 12:00;452
03/08/2022 14:00;412
03/08/2022 16:00;436
03/08/2022 18:00;351
03/08/2022 20:00;263
03/08/2022 22:00;231
04/08/2022 00:00;1639
04/08/2022 02:00;6417
04/08/2022 04:00;5422
04/08/2022 06:00;207
04/08/2022 08:00;349
04/08/2022 10:00;626
04/08/2022 12:00;454
04/08/2022 14:00;405
04/08/2022 16:00;455
04/08/2022 18:00;370
04/08/2022 20:00;276
04/08/2022 22:00;234
05/08/2022 00:00;1612
05/08/2022 02:00;6589
05/08/2022 04:00;6903
05/08/2022 06:00;1980
05/08/2022 08:00;1952
05/08/2022 10:00;1603
05/08/2022 12:00;1074
05/08/2022 14:00;784
05/08/2022 16:00;507
05/08/2022 18:00;360
05/08/2022 20:00;285
05/08/2022 22:00;225
06/08/2022 00:00;1590
06/08/2022 02:00;6397
06/08/2022 04:00;5451
06/08/2022 06:00;210
06/08/2022 08:00;244
06/08/2022 10:00;304
06/08/2022 12:00;314
06/08/2022 14:00;271
06/08/2022 16:00;264
06/08/2022 18:00;260
06/08/2022 20:00;255
06/08/2022 22:00;229
07/08/2022 00:00;1589
07/08/2022 02:00;6355
07/08/2022 04:00;5379
07/08/2022 06:00;193
07/08/2022 08:00;212
07/08/2022 10:00;230
07/08/2022 12:00;237
07/08/2022 14:00;233
07/08/2022 16:00;231
07/08/2022 18:00;248
07/08/2022 20:00;268
07/08/2022 22:00;217
08/08/2022 00:00;1596
08/08/2022 02:00;6347
08/08/2022 04:00;5355
08/08/2022 06:00;210
08/08/2022 08:00;363
08/08/2022 10:00;511
08/08/2022 12:00;402
08/08/2022 14:00;367
08/08/2022 16:00;426
08/08/2022 18:00;338
08/08/2022 20:00;247
08/08/2022 22:00;249
09/08/2022 00:00;1587
09/08/2022 02:00;6388
09/08/2022 04:00;5396
09/08/2022 06:00;213
09/08/2022 08:00;354
09/08/2022 10:00;513
09/08/2022 12:00;420
09/08/2022 14:00;397
09/08/2022 16:00;422
09/08/2022 18:00;348
09/08/2022 20:00;255
09/08/2022 22:00;181
10/08/2022 00:00;1540
10/08/2022 02:00;6349
10/08/2022 04:00;5350
10/08/2022 06:00;165
10/08/2022 08:00;319
10/08/2022 10:00;471
10/08/2022 12:00;382
10/08/2022 14:00;345
10/08/2022 16:00;357
10/08/2022 18:00;305
10/08/2022 20:00;226
10/08/2022 22:00;179
11/08/2022 00:00;1555
11/08/2022 02:00;6340
11/08/2022 04:00;5355
11/08/2022 06:00;165
11/08/2022 08:00;296
11/08/2022 10:00;467
11/08/2022 12:00;396
11/08/2022 14:00;360
11/08/2022 16:00;379
11/08/2022 18:00;320
11/08/2022 20:00;247
11/08/2022 22:00;188
12/08/2022 00:00;1561
12/08/2022 02:00;6364
12/08/2022 04:00;5368
12/08/2022 06:00;161
12/08/2022 08:00;272
12/08/2022 10:00;419
12/08/2022 12:00;354
12/08/2022 14:00;322
12/08/2022 16:00;349
12/08/2022 18:00;298
12/08/2022 20:00;230
12/08/2022 22:00;182
13/08/2022 00:00;1552
13/08/2022 02:00;6328
13/08/2022 04:00;5353
13/08/2022 06:00;155
13/08/2022 08:00;192
13/08/2022 10:00;250
13/08/2022 12:00;239
13/08/2022 14:00;218
13/08/2022 16:00;222
13/08/2022 18:00;236
13/08/2022 20:00;220
13/08/2022 22:00;182
14/08/2022 00:00;1558
14/08/2022 02:00;6333
14/08/2022 04:00;5330
14/08/2022 06:00;158
14/08/2022 08:00;202
14/08/2022 10:00;237
14/08/2022 12:00;229
14/08/2022 14:00;216
14/08/2022 16:00;216
14/08/2022 18:00;228
14/08/2022 20:00;222
14/08/2022 22:00;174
15/08/2022 00:00;1560
15/08/2022 02:00;6285
15/08/2022 04:00;5301
15/08/2022 06:00;157
15/08/2022 08:00;200
15/08/2022 10:00;231
15/08/2022 12:00;226
15/08/2022 14:00;203
15/08/2022 16:00;209
15/08/2022 18:00;200
15/08/2022 20:00;195
15/08/2022 22:00;163
16/08/2022 00:00;1550
16/08/2022 02:00;6303
16/08/2022 04:00;5284
16/08/2022 06:00;169
16/08/2022 08:00;363
16/08/2022 10:00;532
16/08/2022 12:00;400
16/08/2022 14:00;358
16/08/2022 16:00;376
16/08/2022 18:00;299
16/08/2022 20:00;220
16/08/2022 22:00;181
17/08/2022 00:00;1569
17/08/2022 02:00;6380
17/08/2022 04:00;5350
17/08/2022 06:00;203
17/08/2022 08:00;370
17/08/2022 10:00;531
17/08/2022 12:00;418
17/08/2022 14:00;385
17/08/2022 16:00;415
17/08/2022 18:00;338
17/08/2022 20:00;215
17/08/2022 22:00;177
18/08/2022 00:00;1564
18/08/2022 02:00;6358
18/08/2022 04:00;5347
18/08/2022 06:00;163
18/08/2022 08:00;318
18/08/2022 10:00;488
18/08/2022 12:00;398
18/08/2022 14:00;341
18/08/2022 16:00;382
18/08/2022 18:00;307
18/08/2022 20:00;211
18/08/2022 22:00;165
19/08/2022 00:00;1558
19/08/2022 02:00;6347
19/08/2022 04:00;5353
19/08/2022 06:00;160
19/08/2022 08:00;294
19/08/2022 10:00;483
19/08/2022 12:00;389
19/08/2022 14:00;361
19/08/2022 16:00;358
19/08/2022 18:00;292
19/08/2022 20:00;219
19/08/2022 22:00;164
20/08/2022 00:00;1558
20/08/2022 02:00;6351
20/08/2022 04:00;5340
20/08/2022 06:00;145
20/08/2022 08:00;182
20/08/2022 10:00;243
20/08/2022 12:00;236
20/08/2022 14:00;207
20/08/2022 16:00;212
20/08/2022 18:00;218
20/08/2022 20:00;193
20/08/2022 22:00;158
21/08/2022 00:00;1563
21/08/2022 02:00;6353
21/08/2022 04:00;5311
21/08/2022 06:00;153
21/08/2022 08:00;163
21/08/2022 10:00;187
21/08/2022 12:00;190
21/08/2022 14:00;175
21/08/2022 16:00;176
21/08/2022 18:00;190
21/08/2022 20:00;186
21/08/2022 22:00;161
22/08/2022 00:00;1574
22/08/2022 02:00;6349
22/08/2022 04:00;5304
22/08/2022 06:00;177
22/08/2022 08:00;418
22/08/2022 10:00;625
22/08/2022 12:00;444
22/08/2022 14:00;410
22/08/2022 16:00;438
22/08/2022 18:00;307
22/08/2022 20:00;192
22/08/2022 22:00;161
23/08/2022 00:00;1578
23/08/2022 02:00;6430
23/08/2022 04:00;5381
23/08/2022 06:00;167
23/08/2022 08:00;347
23/08/2022 10:00;579
23/08/2022 12:00;467
23/08/2022 14:00;397
23/08/2022 16:00;421
23/08/2022 18:00;313
23/08/2022 20:00;202
23/08/2022 22:00;164
24/08/2022 00:00;1584
24/08/2022 02:00;6428
24/08/2022 04:00;5434
24/08/2022 06:00;185
24/08/2022 08:00;338
24/08/2022 10:00;552
24/08/2022 12:00;438
24/08/2022 14:00;396
24/08/2022 16:00;407
24/08/2022 18:00;323
24/08/2022 20:00;225
24/08/2022 22:00;170
25/08/2022 00:00;1593
25/08/2022 02:00;6465
25/08/2022 04:00;5425
25/08/2022 06:00;177
25/08/2022 08:00;349
25/08/2022 10:00;575
25/08/2022 12:00;445
25/08/2022 14:00;403
25/08/2022 16:00;434
25/08/2022 18:00;336
25/08/2022 20:00;224
25/08/2022 22:00;183
26/08/2022 00:00;1591
26/08/2022 02:00;6472
26/08/2022 04:00;5444
26/08/2022 06:00;187
26/08/2022 08:00;357
26/08/2022 10:00;554
26/08/2022 12:00;478
26/08/2022 14:00;409
26/08/2022 16:00;409
26/08/2022 18:00;323
26/08/2022 20:00;227
26/08/2022 22:00;182
27/08/2022 00:00;1609
27/08/2022 02:00;6473
27/08/2022 04:00;5451
27/08/2022 06:00;156
27/08/2022 08:00;196
27/08/2022 10:00;251
27/08/2022 12:00;247
27/08/2022 14:00;226
27/08/2022 16:00;222
27/08/2022 18:00;235
27/08/2022 20:00;218
27/08/2022 22:00;175
28/08/2022 00:00;1592
28/08/2022 02:00;6433
28/08/2022 04:00;5422
28/08/2022 06:00;160
28/08/2022 08:00;166
28/08/2022 10:00;198
28/08/2022 12:00;216
28/08/2022 14:00;183
28/08/2022 16:00;187
28/08/2022 18:00;208
28/08/2022 20:00;188
28/08/2022 22:00;166
29/08/2022 00:00;1592
29/08/2022 02:00;6433
29/08/2022 04:00;5398
29/08/2022 06:00;182
29/08/2022 08:00;425
29/08/2022 10:00;669
29/08/2022 12:00;499
29/08/2022 14:00;472
29/08/2022 16:00;538
29/08/2022 18:00;360
29/08/2022 20:00;244
30/08/2022 02:00;6537
30/08/2022 04:00;5525
30/08/2022 06:00;230
30/08/2022 08:00;456
30/08/2022 10:00;743
30/08/2022 12:00;594
30/08/2022 14:00;534
30/08/2022 16:00;573
30/08/2022 18:00;423
30/08/2022 20:00;282
30/08/2022 22:00;235
31/08/2022 00:00;1668
31/08/2022 02:00;6604
31/08/2022 04:00;5531
31/08/2022 06:00;231
31/08/2022 08:00;454
31/08/2022 10:00;705
31/08/2022 12:00;541
31/08/2022 14:00;535
31/08/2022 16:00;565
31/08/2022 18:00;407
31/08/2022 20:00;270
31/08/2022 22:00;223
01/09/2022 00:00;1654
01/09/2022 02:00;6569
01/09/2022 04:00;5558
01/09/2022 06:00;223
01/09/2022 08:00;445
01/09/2022 10:00;745
01/09/2022 12:00;610
01/09/2022 14:00;540
01/09/2022 16:00;591
01/09/2022 18:00;445
01/09/2022 20:00;277
01/09/2022 22:00;222
02/09/2022 00:00;1656
02/09/2022 02:00;6575
02/09/2022 04:00;5547
02/09/2022 06:00;239
02/09/2022 08:00;483
02/09/2022 10:00;755
02/09/2022 12:00;588
02/09/2022 14:00;563
02/09/2022 16:00;577
02/09/2022 18:00;474
02/09/2022 20:00;295
02/09/2022 22:00;224
03/09/2022 00:00;1665
03/09/2022 02:00;6614
03/09/2022 04:00;5583
03/09/2022 06:00;208
03/09/2022 08:00;265
03/09/2022 10:00;343
03/09/2022 12:00;328
03/09/2022 14:00;278
03/09/2022 16:00;286
03/09/2022 18:00;289
03/09/2022 20:00;264
03/09/2022 22:00;231
04/09/2022 00:00;1651
04/09/2022 02:00;6557
04/09/2022 04:00;5521
04/09/2022 06:00;192
04/09/2022 08:00;214
04/09/2022 10:00;221
04/09/2022 12:00;207
04/09/2022 14:00;184
04/09/2022 16:00;192
04/09/2022 18:00;202
04/09/2022 20:00;181
04/09/2022 22:00;164
05/09/2022 00:00;1602
05/09/2022 02:00;6512
05/09/2022 04:00;5497
05/09/2022 06:00;188
05/09/2022 08:00;479
05/09/2022 10:00;762
05/09/2022 12:00;574
05/09/2022 14:00;523
05/09/2022 16:00;576
05/09/2022 18:00;405
05/09/2022 20:00;254
05/09/2022 22:00;213
06/09/2022 00:00;1626
06/09/2022 02:00;6588
06/09/2022 04:00;5556
06/09/2022 06:00;218
06/09/2022 08:00;461
06/09/2022 10:00;769
06/09/2022 12:00;579
06/09/2022 14:00;564
06/09/2022 16:00;588
06/09/2022 18:00;429
06/09/2022 20:00;290
06/09/2022 22:00;263
07/09/2022 00:00;1672
07/09/2022 02:00;6618
07/09/2022 04:00;5619
07/09/2022 06:00;230
07/09/2022 08:00;487
07/09/2022 10:00;749
07/09/2022 12:00;562
07/09/2022 14:00;551
07/09/2022 16:00;600
07/09/2022 18:00;470
07/09/2022 20:00;295
07/09/2022 22:00;259
08/09/2022 00:00;1714
08/09/2022 02:00;6677
08/09/2022 04:00;5633
08/09/2022 06:00;253
08/09/2022 08:00;544
08/09/2022 10:00;763
08/09/2022 12:00;597
08/09/2022 14:00;550
08/09/2022 16:00;595
08/09/2022 18:00;436
08/09/2022 20:00;284
08/09/2022 22:00;235
09/09/2022 00:00;1675
09/09/2022 02:00;6661
09/09/2022 04:00;5643
09/09/2022 06:00;240
09/09/2022 08:00;474
09/09/2022 10:00;752
09/09/2022 12:00;588
09/09/2022 14:00;545
09/09/2022 16:00;555
09/09/2022 18:00;421
09/09/2022 20:00;287
09/09/2022 22:00;231
10/09/2022 00:00;1680
10/09/2022 02:00;6656
10/09/2022 04:00;5612
10/09/2022 06:00;207
10/09/2022 08:00;261
10/09/2022 10:00;329
10/09/2022 12:00;317
10/09/2022 14:00;279
10/09/2022 16:00;283
10/09/2022 18:00;306
10/09/2022 20:00;295
10/09/2022 22:00;218
11/09/2022 00:00;1677
11/09/2022 02:00;6628
11/09/2022 04:00;5558
11/09/2022 06:00;204
11/09/2022 08:00;221
11/09/2022 10:00;246
11/09/2022 12:00;252
11/09/2022 14:00;241
11/09/2022 16:00;242
11/09/2022 18:00;250
11/09/2022 20:00;242
11/09/2022 22:00;217
12/09/2022 00:00;1667
12/09/2022 02:00;6629
12/09/2022 04:00;5547
12/09/2022 06:00;230
12/09/2022 08:00;491
12/09/2022 10:00;768
12/09/2022 12:00;600
12/09/2022 14:00;561
12/09/2022 16:00;606
12/09/2022 18:00;405
12/09/2022 20:00;263
12/09/2022 22:00;222
13/09/2022 00:00;1681
13/09/2022 02:00;6688
13/09/2022 04:00;5622
13/09/2022 06:00;226
13/09/2022 08:00;445
13/09/2022 10:00;781
13/09/2022 12:00;607
13/09/2022 14:00;582
13/09/2022 16:00;621
13/09/2022 18:00;428
13/09/2022 20:00;272
13/09/2022 22:00;225
14/09/2022 00:00;1693
14/09/2022 02:00;6687
14/09/2022 04:00;5642
14/09/2022 06:00;222
14/09/2022 08:00;472
14/09/2022 10:00;733
14/09/2022 12:00;566
14/09/2022 14:00;502
14/09/2022 16:00;571
14/09/2022 18:00;402
14/09/2022 20:00;249
14/09/2022 22:00;210
15/09/2022 00:00;1650
15/09/2022 02:00;6658
15/09/2022 04:00;5613
15/09/2022 06:00;188
15/09/2022 08:00;447
15/09/2022 10:00;734
15/09/2022 12:00;582
15/09/2022 14:00;530
15/09/2022 16:00;606
15/09/2022 18:00;418
15/09/2022 20:00;236
15/09/2022 22:00;173
16/09/2022 00:00;1646
16/09/2022 02:00;6645
16/09/2022 04:00;5610
16/09/2022 06:00;179
16/09/2022 08:00;401
16/09/2022 10:00;731
16/09/2022 12:00;572
16/09/2022 14:00;322