"Time","Utilisateurs"
2022-03-16 07:00:00,17367
2022-03-16 13:00:00,17371
2022-03-16 19:00:00,17371
2022-03-17 01:00:00,17371
2022-03-17 07:00:00,17372
2022-03-17 13:00:00,17376
2022-03-17 19:00:00,17376
2022-03-18 01:00:00,17376
2022-03-18 07:00:00,17378
2022-03-18 13:00:00,17383
2022-03-18 19:00:00,17383
2022-03-19 01:00:00,17383
2022-03-19 07:00:00,17383
2022-03-19 13:00:00,17383
2022-03-19 19:00:00,17383
2022-03-20 01:00:00,17383
2022-03-20 07:00:00,17383
2022-03-20 13:00:00,17383
2022-03-20 19:00:00,17383
2022-03-21 01:00:00,17383
2022-03-21 07:00:00,17381
2022-03-21 13:00:00,17389
2022-03-21 19:00:00,17394
2022-03-22 01:00:00,17394
2022-03-22 07:00:00,17393
2022-03-22 13:00:00,17417
2022-03-22 19:00:00,17433
2022-03-23 01:00:00,17433
2022-03-23 07:00:00,17448
2022-03-23 13:00:00,17451
2022-03-23 19:00:00,17451
2022-03-24 01:00:00,17451
2022-03-24 07:00:00,17452
2022-03-24 13:00:00,17462
2022-03-24 19:00:00,17472
2022-03-25 01:00:00,17472
2022-03-25 07:00:00,17476
2022-03-25 13:00:00,17483
2022-03-25 19:00:00,17489
2022-03-26 01:00:00,17489
2022-03-26 07:00:00,17489
2022-03-26 13:00:00,17494
2022-03-26 19:00:00,17495
2022-03-27 01:00:00,17495
2022-03-27 08:00:00,17495
2022-03-27 14:00:00,17495
2022-03-27 20:00:00,17495
2022-03-28 02:00:00,17495
2022-03-28 08:00:00,17494
2022-03-28 14:00:00,17509
2022-03-28 20:00:00,17509
2022-03-29 02:00:00,17509
2022-03-29 08:00:00,17517
2022-03-29 14:00:00,17531
2022-03-29 20:00:00,17535
2022-03-30 02:00:00,17535
2022-03-30 08:00:00,17550
2022-03-30 14:00:00,17560
2022-03-30 20:00:00,17560
2022-03-31 02:00:00,17560
2022-03-31 08:00:00,17552
2022-03-31 14:00:00,17561
2022-03-31 20:00:00,17566
2022-04-01 02:00:00,17566
2022-04-01 08:00:00,17569
2022-04-01 14:00:00,17573
2022-04-01 20:00:00,17574
2022-04-02 02:00:00,17574
2022-04-02 08:00:00,17574
2022-04-02 14:00:00,17574
2022-04-02 20:00:00,17574
2022-04-03 02:00:00,17574
2022-04-03 08:00:00,17574
2022-04-03 14:00:00,17574
2022-04-03 20:00:00,17574
2022-04-04 02:00:00,17574
2022-04-04 08:00:00,17580
2022-04-04 14:00:00,17587
2022-04-04 20:00:00,17589
2022-04-05 02:00:00,17589
2022-04-05 08:00:00,17590
2022-04-05 14:00:00,17590
2022-04-05 20:00:00,17589
2022-04-06 02:00:00,17589
2022-04-06 08:00:00,17592
2022-04-06 14:00:00,17603
2022-04-06 20:00:00,17606
2022-04-07 02:00:00,17606
2022-04-07 08:00:00,17619
2022-04-07 14:00:00,17642
2022-04-07 20:00:00,17651
2022-04-08 02:00:00,17651
2022-04-08 08:00:00,17650
2022-04-08 14:00:00,17646
2022-04-08 20:00:00,17648
2022-04-09 02:00:00,17648
2022-04-09 08:00:00,17648
2022-04-09 14:00:00,17648
2022-04-09 20:00:00,17648
2022-04-10 02:00:00,17648
2022-04-10 08:00:00,17648
2022-04-10 14:00:00,17648
2022-04-10 20:00:00,17648
2022-04-11 02:00:00,17648
2022-04-11 08:00:00,17656
2022-04-11 14:00:00,17651
2022-04-11 20:00:00,17654
2022-04-12 02:00:00,17654
2022-04-12 08:00:00,17657
2022-04-12 14:00:00,17678
2022-04-12 20:00:00,17681
2022-04-13 02:00:00,17681
2022-04-13 08:00:00,17674
2022-04-13 14:00:00,17669
2022-04-13 20:00:00,17670
2022-04-14 02:00:00,17670
2022-04-14 08:00:00,17679
2022-04-14 14:00:00,17720
2022-04-14 20:00:00,17723
2022-04-15 02:00:00,17723
2022-04-15 08:00:00,17742
2022-04-15 14:00:00,17787
2022-04-15 20:00:00,17797
2022-04-16 02:00:00,17796
2022-04-16 08:00:00,17796
2022-04-16 14:00:00,17796
2022-04-16 20:00:00,17796
2022-04-17 02:00:00,17796
2022-04-17 08:00:00,17796
2022-04-17 14:00:00,17796
2022-04-17 20:00:00,17796
2022-04-18 02:00:00,17796
2022-04-18 08:00:00,17796
2022-04-18 14:00:00,17796
2022-04-18 20:00:00,17796
2022-04-19 02:00:00,17796
2022-04-19 08:00:00,17801
2022-04-19 14:00:00,17810
2022-04-19 20:00:00,17813
2022-04-20 02:00:00,17815
2022-04-20 08:00:00,17835
2022-04-20 14:00:00,17840
2022-04-20 20:00:00,17839
2022-04-21 02:00:00,17839
2022-04-21 08:00:00,17839
2022-04-21 14:00:00,17845
2022-04-21 20:00:00,17847
2022-04-22 02:00:00,17847
2022-04-22 08:00:00,17851
2022-04-22 14:00:00,17854
2022-04-22 20:00:00,17855
2022-04-23 02:00:00,17855
2022-04-23 08:00:00,17855
2022-04-23 14:00:00,17855
2022-04-23 20:00:00,17855
2022-04-24 02:00:00,17855
2022-04-24 08:00:00,17855
2022-04-24 14:00:00,17855
2022-04-24 20:00:00,17855
2022-04-25 02:00:00,17855
2022-04-25 08:00:00,17853
2022-04-25 14:00:00,17854
2022-04-25 20:00:00,17855
2022-04-26 02:00:00,17855
2022-04-26 08:00:00,17858
2022-04-26 14:00:00,17853
2022-04-26 20:00:00,17856
2022-04-27 02:00:00,17856
2022-04-27 08:00:00,17859
2022-04-27 14:00:00,17863
2022-04-27 20:00:00,17865
2022-04-28 02:00:00,17865
2022-04-28 08:00:00,17866
2022-04-28 14:00:00,17870
2022-04-28 20:00:00,17875
2022-04-29 02:00:00,17875
2022-04-29 08:00:00,17879
2022-04-29 14:00:00,17874
2022-04-29 20:00:00,17869
2022-04-30 02:00:00,17869
2022-04-30 08:00:00,17869
2022-04-30 14:00:00,17869
2022-04-30 20:00:00,17869
2022-05-01 02:00:00,17869
2022-05-01 08:00:00,17869
2022-05-01 14:00:00,17869
2022-05-01 20:00:00,17869
2022-05-02 02:00:00,17869
2022-05-02 08:00:00,17891
2022-05-02 14:00:00,17918
2022-05-02 20:00:00,17920
2022-05-03 02:00:00,17920
2022-05-03 08:00:00,17925
2022-05-03 14:00:00,17960
2022-05-03 20:00:00,17968
2022-05-04 02:00:00,17968
2022-05-04 08:00:00,17982
2022-05-04 14:00:00,18021
2022-05-04 20:00:00,18025
2022-05-05 02:00:00,18025
2022-05-05 08:00:00,18034
2022-05-05 14:00:00,18036
2022-05-05 20:00:00,18038
2022-05-06 02:00:00,18038
2022-05-06 08:00:00,18045
2022-05-06 14:00:00,18054
2022-05-06 20:00:00,18056
2022-05-07 02:00:00,18056
2022-05-07 08:00:00,18056
2022-05-07 14:00:00,18057
2022-05-07 20:00:00,18057
2022-05-08 02:00:00,18057
2022-05-08 08:00:00,18057
2022-05-08 14:00:00,18057
2022-05-08 20:00:00,18057
2022-05-09 02:00:00,18057
2022-05-09 08:00:00,18059
2022-05-09 14:00:00,18066
2022-05-09 20:00:00,18072
2022-05-10 02:00:00,18072
2022-05-10 08:00:00,18074
2022-05-10 14:00:00,18086
2022-05-10 20:00:00,18089
2022-05-11 02:00:00,18089
2022-05-11 08:00:00,18098
2022-05-11 14:00:00,18105
2022-05-11 20:00:00,18104
2022-05-12 02:00:00,18104
2022-05-12 08:00:00,18109
2022-05-12 14:00:00,18116
2022-05-12 20:00:00,18118
2022-05-13 02:00:00,18118
2022-05-13 08:00:00,18122
2022-05-13 14:00:00,18128
2022-05-13 20:00:00,18129
2022-05-14 02:00:00,18129
2022-05-14 08:00:00,18129
2022-05-14 14:00:00,18129
2022-05-14 20:00:00,18129
2022-05-15 02:00:00,18129
2022-05-15 08:00:00,18129
2022-05-15 14:00:00,18129
2022-05-15 20:00:00,18129
2022-05-16 02:00:00,18129
2022-05-16 08:00:00,18132
2022-05-16 14:00:00,18121
2022-05-16 20:00:00,18121
2022-05-17 02:00:00,18121
2022-05-17 08:00:00,18121
2022-05-17 14:00:00,18126
2022-05-17 20:00:00,18126
2022-05-18 02:00:00,18126
2022-05-18 08:00:00,18127
2022-05-18 14:00:00,18135
2022-05-18 20:00:00,18138
2022-05-19 02:00:00,18138
2022-05-19 08:00:00,18144
2022-05-19 14:00:00,18142
2022-05-19 20:00:00,18130
2022-05-20 02:00:00,18130
2022-05-20 08:00:00,18147
2022-05-20 14:00:00,18150
2022-05-20 20:00:00,18151
2022-05-21 02:00:00,18151
2022-05-21 08:00:00,18151
2022-05-21 14:00:00,18151
2022-05-21 20:00:00,18151
2022-05-22 02:00:00,18151
2022-05-22 08:00:00,18151
2022-05-22 14:00:00,18151
2022-05-22 20:00:00,18151
2022-05-23 02:00:00,18151
2022-05-23 08:00:00,18121
2022-05-23 14:00:00,18113
2022-05-23 20:00:00,18110
2022-05-24 02:00:00,18110
2022-05-24 08:00:00,18112
2022-05-24 14:00:00,18107
2022-05-24 20:00:00,18103
2022-05-25 02:00:00,18103
2022-05-25 08:00:00,18123
2022-05-25 14:00:00,18157
2022-05-25 20:00:00,18158
2022-05-26 02:00:00,18158
2022-05-26 08:00:00,18158
2022-05-26 14:00:00,18158
2022-05-26 20:00:00,18158
2022-05-27 02:00:00,18158
2022-05-27 08:00:00,18166
2022-05-27 14:00:00,18182
2022-05-27 20:00:00,18183
2022-05-28 02:00:00,18183
2022-05-28 08:00:00,18183
2022-05-28 14:00:00,18183
2022-05-28 20:00:00,18183
2022-05-29 02:00:00,18183
2022-05-29 08:00:00,18183
2022-05-29 14:00:00,18183
2022-05-29 20:00:00,18183
2022-05-30 02:00:00,18183
2022-05-30 08:00:00,18178
2022-05-30 14:00:00,18172
2022-05-30 20:00:00,18162
2022-05-31 02:00:00,18162
2022-05-31 08:00:00,18162
2022-05-31 14:00:00,18178
2022-05-31 20:00:00,18183
2022-06-01 02:00:00,18183
2022-06-01 08:00:00,18187
2022-06-01 14:00:00,18195
2022-06-01 20:00:00,18200
2022-06-02 02:00:00,18200
2022-06-02 08:00:00,18200
2022-06-02 14:00:00,18202
2022-06-02 20:00:00,18207
2022-06-03 02:00:00,18207
2022-06-03 08:00:00,18212
2022-06-03 14:00:00,18218
2022-06-03 20:00:00,18218
2022-06-04 02:00:00,18218
2022-06-04 08:00:00,18218
2022-06-04 14:00:00,18218
2022-06-04 20:00:00,18218
2022-06-05 02:00:00,18218
2022-06-05 08:00:00,18218
2022-06-05 14:00:00,18218
2022-06-05 20:00:00,18218
2022-06-06 02:00:00,18218
2022-06-06 08:00:00,18218
2022-06-06 14:00:00,18218
2022-06-06 20:00:00,18218
2022-06-07 02:00:00,18218
2022-06-07 08:00:00,18220
2022-06-07 14:00:00,18229
2022-06-07 20:00:00,18231
2022-06-08 02:00:00,18231
2022-06-08 08:00:00,18240
2022-06-08 14:00:00,18247
2022-06-08 20:00:00,18247
2022-06-09 02:00:00,18247
2022-06-09 08:00:00,18248
2022-06-09 14:00:00,18260
2022-06-09 20:00:00,18276
2022-06-10 02:00:00,18276
2022-06-10 08:00:00,18280
2022-06-10 14:00:00,18289
2022-06-10 20:00:00,18292
2022-06-11 02:00:00,18292
2022-06-11 08:00:00,18292
2022-06-11 14:00:00,18293
2022-06-11 20:00:00,18293
2022-06-12 02:00:00,18293
2022-06-12 08:00:00,18293
2022-06-12 14:00:00,18293
2022-06-12 20:00:00,18293
2022-06-13 02:00:00,18293
2022-06-13 08:00:00,18319
2022-06-13 14:00:00,18352
2022-06-13 20:00:00,18354
2022-06-14 02:00:00,18355
2022-06-14 08:00:00,18366
2022-06-14 14:00:00,18382
2022-06-14 20:00:00,18384
2022-06-15 02:00:00,18384
2022-06-15 08:00:00,18389
2022-06-15 14:00:00,18393
2022-06-15 20:00:00,18395
2022-06-16 02:00:00,18395
2022-06-16 08:00:00,18399
2022-06-16 14:00:00,18415
2022-06-16 20:00:00,18420
2022-06-17 02:00:00,18420
2022-06-17 08:00:00,18426
2022-06-17 14:00:00,18445
2022-06-17 20:00:00,18451
2022-06-18 02:00:00,18451
2022-06-18 08:00:00,18451
2022-06-18 14:00:00,18451
2022-06-18 20:00:00,18451
2022-06-19 02:00:00,18451
2022-06-19 08:00:00,18451
2022-06-19 14:00:00,18451
2022-06-19 20:00:00,18451
2022-06-20 02:00:00,18451
2022-06-20 08:00:00,18452
2022-06-20 14:00:00,18470
2022-06-20 20:00:00,18477
2022-06-21 02:00:00,18477
2022-06-21 08:00:00,18466
2022-06-21 14:00:00,18467
2022-06-21 20:00:00,18467
2022-06-22 02:00:00,18466
2022-06-22 08:00:00,18464
2022-06-22 14:00:00,18465
2022-06-22 20:00:00,18462
2022-06-23 02:00:00,18462
2022-06-23 08:00:00,18454
2022-06-23 14:00:00,18447
2022-06-23 20:00:00,18441
2022-06-24 02:00:00,18441
2022-06-24 08:00:00,18443
2022-06-24 14:00:00,18456
2022-06-24 20:00:00,18462
2022-06-25 02:00:00,18462
2022-06-25 08:00:00,18462
2022-06-25 14:00:00,18462
2022-06-25 20:00:00,18462
2022-06-26 02:00:00,18462
2022-06-26 08:00:00,18462
2022-06-26 14:00:00,18462
2022-06-26 20:00:00,18462
2022-06-27 02:00:00,18462
2022-06-27 08:00:00,18466
2022-06-27 14:00:00,18473
2022-06-27 20:00:00,18469
2022-06-28 02:00:00,18469
2022-06-28 08:00:00,18477
2022-06-28 14:00:00,18493
2022-06-28 20:00:00,18495
2022-06-29 02:00:00,18495
2022-06-29 08:00:00,18502
2022-06-29 14:00:00,18525
2022-06-29 20:00:00,18533
2022-06-30 02:00:00,18533
2022-06-30 08:00:00,18543
2022-06-30 14:00:00,18560
2022-06-30 20:00:00,18565
2022-07-01 02:00:00,18565
2022-07-01 08:00:00,18566
2022-07-01 14:00:00,18566
2022-07-01 20:00:00,18563
2022-07-02 02:00:00,18563
2022-07-02 08:00:00,18563
2022-07-02 14:00:00,18563
2022-07-02 20:00:00,18563
2022-07-03 02:00:00,18563
2022-07-03 08:00:00,18563
2022-07-03 14:00:00,18563
2022-07-03 20:00:00,18563
2022-07-04 02:00:00,18563
2022-07-04 08:00:00,18564
2022-07-04 14:00:00,18575
2022-07-04 20:00:00,18584
2022-07-05 02:00:00,18584
2022-07-05 08:00:00,18592
2022-07-05 14:00:00,18604
2022-07-05 20:00:00,18605
2022-07-06 02:00:00,18605
2022-07-06 08:00:00,18613
2022-07-06 14:00:00,18619
2022-07-06 20:00:00,18620
2022-07-07 02:00:00,18620
2022-07-07 08:00:00,18624
2022-07-07 14:00:00,18629
2022-07-07 20:00:00,18631
2022-07-08 02:00:00,18631
2022-07-08 08:00:00,18636
2022-07-08 14:00:00,18645
2022-07-08 20:00:00,18650
2022-07-09 02:00:00,18650
2022-07-09 08:00:00,18650
2022-07-09 14:00:00,18650
2022-07-09 20:00:00,18650
2022-07-10 02:00:00,18650
2022-07-10 08:00:00,18650
2022-07-10 14:00:00,18650
2022-07-10 20:00:00,18650
2022-07-11 02:00:00,18650
2022-07-11 08:00:00,18659
2022-07-11 14:00:00,18676
2022-07-11 20:00:00,18680
2022-07-12 02:00:00,18680
2022-07-12 08:00:00,18687
2022-07-12 14:00:00,18714
2022-07-12 20:00:00,18721
2022-07-13 02:00:00,18721
2022-07-13 08:00:00,18719
2022-07-13 14:00:00,18722
2022-07-13 20:00:00,18723
2022-07-14 02:00:00,18723
2022-07-14 08:00:00,
2022-07-14 14:00:00,
2022-07-14 20:00:00,
2022-07-15 02:00:00,
2022-07-15 08:00:00,
2022-07-15 14:00:00,
2022-07-15 20:00:00,
2022-07-16 02:00:00,
2022-07-16 08:00:00,
2022-07-16 14:00:00,
2022-07-16 20:00:00,
2022-07-17 02:00:00,
2022-07-17 08:00:00,
2022-07-17 14:00:00,
2022-07-17 20:00:00,
2022-07-18 02:00:00,
2022-07-18 08:00:00,18742
2022-07-18 14:00:00,18753
2022-07-18 20:00:00,18754
2022-07-19 02:00:00,18754
2022-07-19 08:00:00,18772
2022-07-19 14:00:00,18777
2022-07-19 20:00:00,18784
2022-07-20 02:00:00,18785
2022-07-20 08:00:00,18786
2022-07-20 14:00:00,18802
2022-07-20 20:00:00,18803
2022-07-21 02:00:00,18803
2022-07-21 08:00:00,18812
2022-07-21 14:00:00,18819
2022-07-21 20:00:00,18820
2022-07-22 02:00:00,18820
2022-07-22 08:00:00,18825
2022-07-22 14:00:00,18834
2022-07-22 20:00:00,18843
2022-07-23 02:00:00,18843
2022-07-23 08:00:00,18843
2022-07-23 14:00:00,18843
2022-07-23 20:00:00,18843
2022-07-24 02:00:00,18843
2022-07-24 08:00:00,18843
2022-07-24 14:00:00,18843
2022-07-24 20:00:00,18843
2022-07-25 02:00:00,18843
2022-07-25 08:00:00,18842
2022-07-25 14:00:00,18849
2022-07-25 20:00:00,18851
2022-07-26 02:00:00,18851
2022-07-26 08:00:00,18855
2022-07-26 14:00:00,18881
2022-07-26 20:00:00,18892
2022-07-27 02:00:00,18892
2022-07-27 08:00:00,18897
2022-07-27 14:00:00,18907
2022-07-27 20:00:00,18911
2022-07-28 02:00:00,18912
2022-07-28 08:00:00,18916
2022-07-28 14:00:00,18930
2022-07-28 20:00:00,18943
2022-07-29 02:00:00,18943
2022-07-29 08:00:00,18948
2022-07-29 14:00:00,18947
2022-07-29 20:00:00,18939
2022-07-30 02:00:00,18939
2022-07-30 08:00:00,18939
2022-07-30 14:00:00,18939
2022-07-30 20:00:00,18939
2022-07-31 02:00:00,18939
2022-07-31 08:00:00,18939
2022-07-31 14:00:00,18939
2022-07-31 20:00:00,18939
2022-08-01 02:00:00,18939
2022-08-01 08:00:00,18944
2022-08-01 14:00:00,18950
2022-08-01 20:00:00,18950
2022-08-02 02:00:00,18950
2022-08-02 08:00:00,18949
2022-08-02 14:00:00,18951
2022-08-02 20:00:00,18953
2022-08-03 02:00:00,18953
2022-08-03 08:00:00,18955
2022-08-03 14:00:00,18952
2022-08-03 20:00:00,18953
2022-08-04 02:00:00,18953
2022-08-04 08:00:00,18610
2022-08-04 14:00:00,18397
2022-08-04 20:00:00,18398
2022-08-05 02:00:00,18403
2022-08-05 08:00:00,18681
2022-08-05 14:00:00,18970
2022-08-05 20:00:00,18999
2022-08-06 02:00:00,18999
2022-08-06 08:00:00,19000
2022-08-06 14:00:00,19002
2022-08-06 20:00:00,19002
2022-08-07 02:00:00,19002
2022-08-07 08:00:00,19002
2022-08-07 14:00:00,19002
2022-08-07 20:00:00,19002
2022-08-08 02:00:00,19002
2022-08-08 08:00:00,19003
2022-08-08 14:00:00,19008
2022-08-08 20:00:00,19009
2022-08-09 02:00:00,19009
2022-08-09 08:00:00,19016
2022-08-09 14:00:00,19018
2022-08-09 20:00:00,19018
2022-08-10 02:00:00,19018
2022-08-10 08:00:00,19001
2022-08-10 14:00:00,18992
2022-08-10 20:00:00,18993
2022-08-11 02:00:00,18993
2022-08-11 08:00:00,18998
2022-08-11 14:00:00,19002
2022-08-11 20:00:00,19002
2022-08-12 02:00:00,19002
2022-08-12 08:00:00,19002
2022-08-12 14:00:00,19003
2022-08-12 20:00:00,19003
2022-08-13 02:00:00,19003
2022-08-13 08:00:00,19003
2022-08-13 14:00:00,19003
2022-08-13 20:00:00,19003
2022-08-14 02:00:00,19003
2022-08-14 08:00:00,19003
2022-08-14 14:00:00,19003
2022-08-14 20:00:00,19003
2022-08-15 02:00:00,19003
2022-08-15 08:00:00,19003
2022-08-15 14:00:00,19003
2022-08-15 20:00:00,19003
2022-08-16 02:00:00,19003
2022-08-16 08:00:00,19000
2022-08-16 14:00:00,19002
2022-08-16 20:00:00,19007
2022-08-17 02:00:00,19007
2022-08-17 08:00:00,19009
2022-08-17 14:00:00,19012
2022-08-17 20:00:00,19013
2022-08-18 02:00:00,19013
2022-08-18 08:00:00,19014
2022-08-18 14:00:00,19018
2022-08-18 20:00:00,19018
2022-08-19 02:00:00,19018
2022-08-19 08:00:00,19035
2022-08-19 14:00:00,19043
2022-08-19 20:00:00,19039
2022-08-20 02:00:00,19039
2022-08-20 08:00:00,19039
2022-08-20 14:00:00,19039
2022-08-20 20:00:00,19039
2022-08-21 02:00:00,19039
2022-08-21 08:00:00,19039
2022-08-21 14:00:00,19039
2022-08-21 20:00:00,19039
2022-08-22 02:00:00,19039
2022-08-22 08:00:00,19036
2022-08-22 14:00:00,19044
2022-08-22 20:00:00,19050
2022-08-23 02:00:00,19050
2022-08-23 08:00:00,19062
2022-08-23 14:00:00,19086
2022-08-23 20:00:00,19087
2022-08-24 02:00:00,19087
2022-08-24 08:00:00,19093
2022-08-24 14:00:00,19108
2022-08-24 20:00:00,19110
2022-08-25 02:00:00,19110
2022-08-25 08:00:00,19112
2022-08-25 14:00:00,19132
2022-08-25 20:00:00,19193
2022-08-26 02:00:00,19193
2022-08-26 08:00:00,19193
2022-08-26 14:00:00,19199
2022-08-26 20:00:00,19200
2022-08-27 02:00:00,19200
2022-08-27 08:00:00,19200
2022-08-27 14:00:00,19200
2022-08-27 20:00:00,19200
2022-08-28 02:00:00,19200
2022-08-28 08:00:00,19200
2022-08-28 14:00:00,19200
2022-08-28 20:00:00,19200
2022-08-29 02:00:00,19200
2022-08-29 08:00:00,19212
2022-08-29 14:00:00,19241
2022-08-29 20:00:00,19241
2022-08-30 02:00:00,19241
2022-08-30 08:00:00,19244
2022-08-30 14:00:00,19247
2022-08-30 20:00:00,19247
2022-08-31 02:00:00,19247
2022-08-31 08:00:00,19251
2022-08-31 14:00:00,19254
2022-08-31 20:00:00,19255
2022-09-01 02:00:00,19255
2022-09-01 08:00:00,19266
2022-09-01 14:00:00,19276
2022-09-01 20:00:00,19275
2022-09-02 02:00:00,19276
2022-09-02 08:00:00,19309
2022-09-02 14:00:00,19368
2022-09-02 20:00:00,19389
2022-09-03 02:00:00,19389
2022-09-03 08:00:00,19389
2022-09-03 14:00:00,19388
2022-09-03 20:00:00,19388
2022-09-04 02:00:00,19388
2022-09-04 08:00:00,19388
2022-09-04 14:00:00,19388
2022-09-04 20:00:00,19388
2022-09-05 02:00:00,19388
2022-09-05 08:00:00,19368
2022-09-05 14:00:00,19367
2022-09-05 20:00:00,19370
2022-09-06 02:00:00,19370
2022-09-06 08:00:00,19376
2022-09-06 14:00:00,19389
2022-09-06 20:00:00,19392
2022-09-07 02:00:00,19392
2022-09-07 08:00:00,19392
2022-09-07 14:00:00,19403
2022-09-07 20:00:00,19408
2022-09-08 02:00:00,19408
2022-09-08 08:00:00,19410
2022-09-08 14:00:00,19413
2022-09-08 20:00:00,19415
2022-09-09 02:00:00,19415
2022-09-09 08:00:00,19420
2022-09-09 14:00:00,19426
2022-09-09 20:00:00,19425
2022-09-10 02:00:00,19425
2022-09-10 08:00:00,19425
2022-09-10 14:00:00,19425
2022-09-10 20:00:00,19425
2022-09-11 02:00:00,19425
2022-09-11 08:00:00,19425
2022-09-11 14:00:00,19425
2022-09-11 20:00:00,19425
2022-09-12 02:00:00,19425
2022-09-12 08:00:00,19444
2022-09-12 14:00:00,19460
2022-09-12 20:00:00,19461
2022-09-13 02:00:00,19461
2022-09-13 08:00:00,19466
2022-09-13 14:00:00,19464
2022-09-13 20:00:00,19459
2022-09-14 02:00:00,19459
2022-09-14 08:00:00,19464
2022-09-14 14:00:00,19470
2022-09-14 20:00:00,19471
2022-09-15 02:00:00,19471
2022-09-15 08:00:00,19476
2022-09-15 14:00:00,19477
2022-09-15 20:00:00,19479
2022-09-16 02:00:00,19479
2022-09-16 08:00:00,19480

